unique_id,SeasonalNaive,AutoMLP-median,AutoNHITS-median,AutoLSTM-median,AutoGRU-median
ID0,0.1439026017340059,0.13645193321017163,0.1444618212254867,0.14661364488967468,0.15759000679086538
ID1,0.11379810184555095,0.07590189925776514,0.04042634285557014,0.06529674319680814,0.06856984881390059
ID10,0.6272916337125719,0.5797612013060618,0.5355727879700353,0.6154349200217679,0.6234677327945087
ID100,0.9959111748801646,0.9958267761980956,0.9958069314961624,0.9959126747693944,0.9958807639440765
ID101,0.9909089779102839,0.992519333361253,0.9922892664105154,0.9928195064929284,0.9919714580548097
ID102,0.5811945593634747,0.5770290621819901,0.5708012225930456,0.5709543983273226,0.5839153475333109
ID103,0.8842386425728525,0.8701252082416397,0.8722709356278764,0.8844729828911239,0.8815414889156078
ID104,0.4596678084735295,0.4572245020112653,0.44907813666124746,0.4804433979025689,0.45664507554795386
ID105,0.9246296083375606,0.9260906776794203,0.9241871659059403,0.9277791975830709,0.9245201077154502
ID106,0.9890522119065248,0.9879528943335502,0.9882378620898603,0.989304549378371,0.9890537022992779
ID107,0.9615809875899369,0.9639038736602582,0.962139968308079,0.9673328669605387,0.965406075615365
ID108,0.9838794907002123,0.9839307540956156,0.9840373555949955,0.9846445108253753,0.9847912601804879
ID109,0.9996602679801644,0.9995046608713851,0.9994706786061367,0.9996287119218197,0.9996096581172029
ID11,0.959889272048005,0.9602057457905223,0.9594752112744053,0.9593524057543258,0.9601878621314603
ID110,0.9261766398009565,0.9354187999119445,0.9364896454944236,0.9376410070535282,0.9355846364521908
ID111,0.6129609335638987,0.6455872159779424,0.6453740882932715,0.6654208379329343,0.6816405300061996
ID112,0.9967165248870885,0.9961833563658669,0.9964943926374231,0.996772834640928,0.9970758568579142
ID113,0.7958953429257112,0.7622718731727538,0.7765446512173373,0.8034933722803368,0.8247310311319421
ID114,0.18194850552740885,0.2182087894018668,0.2629069267261333,0.13729103073219354,0.13160883148362498
ID115,0.7819227235378555,0.7499895902132301,0.7571786312257164,0.7605923397350037,0.7545782759998184
ID116,0.691662134066935,0.692490037267647,0.6933364187537681,0.6816754684287916,0.67241705907516
ID117,0.5286027772832668,0.6247958145737262,0.6159948383537032,0.548425453122008,0.5580731914373421
ID118,0.8631942727920893,0.8215139828737746,0.7737791843737843,0.8746795924384542,0.8791824558896638
ID119,0.9425536587281879,0.931792390737031,0.9336612622753329,0.9431666242476355,0.9486711999459145
ID12,0.960021200420468,0.9621495843211308,0.9571523302424173,0.9589318615532366,0.9595198370092474
ID120,0.2736204661783217,0.2747778705807463,0.30695694896227327,0.34016303181523805,0.36096097095874086
ID121,0.9014706099342217,0.8819810647523277,0.8823740640436943,0.9073063458245083,0.9182157679536411
ID122,0.6856827918938445,0.641616122336839,0.6728756334300567,0.6961135866860405,0.7082943547413979
ID123,0.9937165164123695,0.9925619632347417,0.9926062502743918,0.9941554459925818,0.9948631642067136
ID124,0.9839824550168026,0.981525933072574,0.9848351157110251,0.9856840318751289,0.9874399512713183
ID125,0.5647844524696296,0.5145125228538989,0.5286120313910946,0.5631942549714952,0.5523108992461551
ID126,0.09540964389889967,0.09245824124021869,0.08254888529645453,0.09829227841396855,0.09983260408101487
ID127,0.11019250252215036,0.1175828980389857,0.1342728134789183,0.10657980724036666,0.08724329969779478
ID128,0.9482401234357498,0.9425067721086898,0.9525361681281966,0.9573482162390518,0.9594850237754894
ID129,0.8657541739342182,0.8020095042949799,0.7571455866556841,0.8849028407417538,0.9018374502889355
ID13,0.6602572934449492,0.6077479247978083,0.6260473320210308,0.6342894507558738,0.6509924064571302
ID130,0.5321771424539204,0.34827265093447357,0.2973857559559953,0.4005487410797881,0.5346942603244434
ID131,0.8619723255224833,0.8373448599917638,0.8238762208324427,0.8473891196840325,0.8218758631744102
ID132,0.8359594009497755,0.8530031549076122,0.8596353931657311,0.858355677844238,0.8512768058250025
ID133,0.7890060115813036,0.7977064369084185,0.8096671293047474,0.8120549208432034,0.8044172940476341
ID134,0.9347071878179539,0.9364414838655902,0.9381117975877776,0.9367810427209458,0.9303526928968303
ID135,0.19602563574828402,0.30591998903029755,0.2728619301554486,0.2230342051954662,0.2658494223725017
ID136,0.2601934871660861,0.32552768910616553,0.3328295327299252,0.29105838052296823,0.3475668558988216
ID137,0.8249932646161957,0.8154006220203751,0.8190797130043382,0.7990772637580615,0.8183437157964595
ID138,0.4423915399312102,0.42267140497833355,0.4111712854741895,0.4250599274886664,0.42106383252606516
ID139,0.9892000421721353,0.9872102536301295,0.9867922219234652,0.987039466640604,0.9878566412141501
ID14,0.12389106737508364,0.2908923628751614,0.46725276944718525,0.15647971995827764,0.1473278178444141
ID140,0.3137465991597658,0.36395847139028276,0.3555938761359619,0.3081964319252343,0.33182977436679645
ID141,0.9928862652453421,0.9927943257538164,0.9930873434897604,0.9932605245506707,0.9931044704223693
ID142,0.3096251468529377,0.2527078603259428,0.25388282661908673,0.15648361677077888,0.19039843405683107
ID143,0.0737384604657097,0.04094673953259454,0.04614610510953269,0.042364997838590567,0.044646354660448306
ID144,0.63289238344041,0.5458855091980115,0.5566223049975845,0.6195263786292363,0.5905697825678689
ID145,0.9565800154788645,0.9547780999364804,0.9538925686988824,0.9591195883182254,0.9567426100979025
ID146,0.9611176405309042,0.9671054982009593,0.9648415697015272,0.9633140409405504,0.9684094733571587
ID147,0.8944176675706905,0.8953582576810203,0.8981661628378698,0.9024708140397432,0.8938699761966592
ID148,0.7446245495209193,0.725296685526497,0.7209351274317678,0.7326670589614473,0.6955363101110504
ID149,0.5515243552820736,0.5818992058685752,0.5978970107230447,0.5581262416496334,0.581268940687814
ID15,0.9771766228171526,0.9763604408089406,0.9742477110282418,0.9778570327718897,0.9786435333752971
ID150,0.8813209525926312,0.8795976465352774,0.861907525120596,0.8987951885064849,0.9044894813200481
ID151,0.7908402426510603,0.7910125887722231,0.7942745711016427,0.7961043024180788,0.7949296227998807
ID152,0.995209879693553,0.9952132771394541,0.995301345662356,0.9951366570672692,0.9951695885048943
ID153,0.9698534829442039,0.9687848736681648,0.9690908927456411,0.9684627639934159,0.9659858801493186
ID154,0.5548720157432944,0.5547325919749507,0.555264099156152,0.5106072964472453,0.47770586258705244
ID155,0.9035148276180047,0.9001796755476533,0.8976548124370819,0.8922129328319537,0.8920135639301917
ID156,0.9443093119646336,0.9472238659569174,0.9463828090189194,0.9437599401116037,0.9387165680421626
ID157,0.9820082777638856,0.9815162808505679,0.9813200241751794,0.9810091982038734,0.9811363103865589
ID158,0.9769256947608941,0.9763304849370239,0.974766505636976,0.9729878099882384,0.9721113056087828
ID159,0.5556626351833807,0.5635599234153824,0.5687958762363707,0.5360782735218428,0.5234165724869547
ID16,0.9898238514406783,0.9890438099090582,0.9894674127308424,0.9894287734148052,0.989157670770661
ID160,0.9466519279831056,0.9473755829622542,0.9470517431943155,0.9462918293484984,0.9462175602943836
ID161,0.9939695131942198,0.9938857946774773,0.9938274779241816,0.9939254736524622,0.993892673696578
ID162,0.4612236755755281,0.4609782869941091,0.44766861626938453,0.42830586879989174,0.4104159988941496
ID163,0.7039590427374706,0.7004364617107225,0.7128107063798094,0.7075359563216299,0.7163127169642195
ID164,0.8197436340079499,0.822512557762631,0.8205690112167706,0.8189359120299716,0.8256486212472248
ID165,0.9298870688399479,0.9271212947711472,0.926811150440666,0.9156525235287784,0.9116835548526985
ID166,0.6123528498791966,0.6370781614863091,0.6486928524858548,0.6413666710045628,0.6347313551769939
ID167,0.11773827479999915,0.0786809352358727,0.08204238718256994,0.08888837533421222,0.10037368094336234
ID168,0.31298165430482516,0.3143724493232069,0.31241298642585064,0.3240682037883876,0.3908442179338765
ID169,0.7865972198431845,0.8234544950975634,0.8319179142124099,0.7811051995378685,0.7706435150059087
ID17,0.6391736430259028,0.7032818677201101,0.6926654139073231,0.6224630737182669,0.6784618933750689
ID170,0.33234889055149447,0.32593716151282015,0.30572747292047947,0.33023921147267127,0.3492169404526728
ID171,0.9993589106271514,0.9993282597879714,0.9993386888304873,0.999324599943575,0.9993623525171255
ID172,0.6716194284554974,0.6718906025207816,0.6741880703487889,0.6669906932280738,0.664372796077839
ID173,0.9577943661800207,0.9583918138025256,0.957649977813253,0.9581140515062057,0.9587152274066018
ID174,0.5555162748534245,0.5940265104421035,0.6039200672024732,0.5513111153539333,0.5661755350485215
ID175,0.904875578317614,0.8883865830248715,0.8851013733416888,0.8883968966390022,0.8901162472326027
ID176,0.999471683659454,0.9996720464944757,0.9996067042805562,0.9996143832603009,0.9996456765826295
ID177,0.9956607658850133,0.9959856335926333,0.9957432110231288,0.9961706722693284,0.996031793710226
ID178,0.9969752527729657,0.9975557880124192,0.9975509616707857,0.9975987216574724,0.9974426790935733
ID179,0.9769151387170445,0.9702041735155671,0.9720996931629936,0.9751252765394942,0.976630706463721
ID18,0.864078130386028,0.8598244009732593,0.8565281539941451,0.8545970723074906,0.8555432099570548
ID180,0.6498214283969413,0.5451370389708403,0.5535277416558074,0.5894809620234195,0.5893628946318487
ID181,0.4379494816714724,0.45194704103068856,0.4437725657429982,0.5144694562756265,0.4401319986625851
ID182,0.7918937023959063,0.7994172706430936,0.8049502772708119,0.799113266619468,0.8014321266746328
ID183,0.9033740135715801,0.9102541605104341,0.9089686489256995,0.9039912130123945,0.908731402308767
ID184,0.48812227266117386,0.4857976947499507,0.47028695486821764,0.4745337430675967,0.4820534500624761
ID185,0.3750358049749301,0.39716044563790015,0.4134164708598212,0.38254447929099183,0.3796774426749536
ID186,0.9719782810509555,0.9683729852212571,0.9650018489236697,0.9754922920726684,0.9750063539616499
ID187,0.7768542777557125,0.7808645673328312,0.7764526697577621,0.7737381142808646,0.7773668537557166
ID188,0.9146339814885248,0.9133088918269098,0.9120904633976269,0.9186292319728087,0.911546039688289
ID189,0.9975852792563485,0.9977747169812146,0.9978327737363087,0.9976086167532703,0.997701620366279
ID19,0.1981416995956737,0.18975154030409389,0.1753689031215417,0.15472722487314766,0.1490872266796678
ID190,0.9354636107301045,0.9473181049887445,0.9470678421069681,0.9513512271938444,0.9453787631686049
ID191,0.6628275791045036,0.7046480007531603,0.7135632738158569,0.7460904722209626,0.7404952804090618
ID192,0.7782872569202147,0.799429494247823,0.8049700815491144,0.7992593873854776,0.8104090899162051
ID193,0.9673230738389645,0.9595958775319495,0.9574505330055484,0.9650211778653839,0.9630935263237997
ID194,0.9460407149356086,0.9510097318969111,0.9523020074594579,0.9541307203727282,0.9543956772632732
ID195,0.9882493270625559,0.9881282167983688,0.9881493318216422,0.9882283269928571,0.988227315232184
ID196,0.43610692533192313,0.32925084313457503,0.36177506414685806,0.35270779052673396,0.34190376790669
ID197,0.6595873236798172,0.7429967983068061,0.7788620024744527,0.7057266101554216,0.723815744568277
ID198,0.9984202346380132,0.9983566676610103,0.9983748200998576,0.9984273002174731,0.99841981334756
ID199,0.48735086765373775,0.524549910991757,0.5429521076545246,0.4869121166751033,0.5196881425269316
ID2,0.934153240390938,0.9513072012272171,0.9524173499585445,0.9389933319701109,0.9475783942995477
ID20,0.4998734131605982,0.49858171902943355,0.4962037926280994,0.48733668084132864,0.483929203783074
ID200,0.6927081472231106,0.7253205995639842,0.7359190883489414,0.6559553898232569,0.6939714858581572
ID201,0.035680386182908315,0.028546070255777836,0.02789553746732541,0.028993856628623554,0.027686699141291644
ID202,0.9055946167176314,0.9067535821186041,0.9048094949026758,0.9040767171461251,0.9160842001837958
ID203,0.560985047518734,0.6193823404503757,0.5913655322833427,0.5619990551546928,0.5787251315941296
ID204,0.6451582290947745,0.645774057370502,0.6484981768276321,0.6433892763972732,0.6564739287291114
ID205,0.9054489752515208,0.9063674434598709,0.9092080912423789,0.9001701851708784,0.9073168340796522
ID206,0.9982736927136747,0.9985926231244622,0.9984417247992599,0.9986370877821539,0.9988010238526505
ID207,0.9993756009561195,0.9994194277467884,0.9993972998350649,0.9993507169888413,0.9993216824546227
ID208,0.9929686655127762,0.9912562103528807,0.9914030883813613,0.9899588060229448,0.9904851284874375
ID209,0.9978893671616369,0.998022048442699,0.9979891717010902,0.997859209194239,0.9980294376943138
ID21,0.4753643383457095,0.49004889629440335,0.48171182087132064,0.46091985105183175,0.494136557624325
ID210,0.9102676756076051,0.9110951327149183,0.909762101236718,0.9081000832141423,0.9124961356198563
ID211,0.9127989070527226,0.9310577891635794,0.9370881297360594,0.9142735376941085,0.9063467607779453
ID212,0.9004036573873924,0.9140370738894821,0.9190089367014082,0.8963814552788533,0.8955980872177737
ID213,0.9786605240165648,0.9795420418158086,0.9794531833341927,0.9784314932463759,0.9786358076728403
ID214,0.9999017476482654,0.9998486047110132,0.9998458313220029,0.9998479156040022,0.9998381522345063
ID215,0.9295639673029829,0.933645769995707,0.9420266308691806,0.9292916920592353,0.9241744180834971
ID216,0.7621654129587346,0.7764314063631118,0.7690265254697098,0.7636787963709463,0.7654679660223577
ID217,0.9992412147315486,0.9992920592993921,0.9993677222765012,0.9991919109594293,0.999186904872137
ID218,0.7779835078414273,0.7934920817678366,0.7931492117866457,0.7869421910601765,0.7855169873131617
ID219,0.9674318398294517,0.9659811365038626,0.9659984152356266,0.9654985862289132,0.965824652811999
ID22,0.9934093302110645,0.9933393781107567,0.9930144544505323,0.9931354568804807,0.9933245293635746
ID220,0.9953070571596855,0.9954949109154293,0.9953399210717775,0.9953265583235403,0.9950741789485127
ID221,0.8636231462074319,0.8667136145346671,0.8619984395401401,0.8612698322352418,0.8602663622701533
ID222,0.9684304120809352,0.9686750493220635,0.9680425210032194,0.9695293883360122,0.9676404271188677
ID223,0.992613547438987,0.9926445623674729,0.9925289688927844,0.9925504922701224,0.9924513639961602
ID224,0.3530262492385858,0.36012640030533033,0.35336954161528605,0.35106176778775816,0.351183165886854
ID225,0.4138076348948023,0.40199167509712436,0.4159926042546196,0.410184433684928,0.4277171798507784
ID226,0.7703332410819775,0.7757772955359088,0.7757617549966351,0.7708791807399623,0.774340031279804
ID227,0.3359273759883515,0.3836692178339958,0.4049679302205565,0.35907147933177935,0.4170548777115717
ID228,0.9805515834496873,0.9806783906880994,0.9806109956834502,0.9804402363106313,0.9805104575827372
ID229,0.9121079336486112,0.9119701653305771,0.912284476519518,0.9112077807461517,0.9115586132599475
ID23,0.10610416783275319,0.08282113828382377,0.07499745212562312,0.11635694107909299,0.07527471384619207
ID230,0.9809637722436754,0.9809556450425853,0.9809552625496293,0.9810023648707257,0.9809688116995675
ID231,0.9504238150530572,0.9466517384557193,0.9520557376566253,0.9510479278179361,0.9497240245630957
ID232,0.8248290924326575,0.8121729169317136,0.8191109367813246,0.8401271409151203,0.8356748329031825
ID233,0.9915783177678597,0.9921532318016187,0.9925164567271412,0.9923300571211838,0.9923604768307692
ID234,0.8856073099073608,0.8776317590647936,0.8817241182399758,0.8897440352084843,0.8871824816650159
ID235,0.9598045918832891,0.9552224731453856,0.9525967257080694,0.961668710154254,0.9548861094824153
ID236,0.9907356918486689,0.993143368921079,0.9929859821926904,0.99383079050497,0.9934012904156062
ID237,0.9765161791139166,0.9650634369419788,0.9607091014903756,0.9703608073446496,0.9703017526618473
ID238,0.5398221866489182,0.5185702863330749,0.4898553205059808,0.6057987691364175,0.5462500723175868
ID239,0.6835147103887546,0.6314486577919558,0.6364966989192345,0.6775984182338259,0.6343060935620151
ID24,0.8200648714936875,0.7774188357825335,0.7506105493862006,0.8001518002382166,0.7901788934502197
ID240,0.7745223610403947,0.7778382358704065,0.7864012802171684,0.7803132658357566,0.7786657460532905
ID241,0.20277343405674822,0.2001845505482955,0.17805153787883818,0.19278591514127905,0.1938095902620424
ID242,0.27407660392673594,0.22509897688992442,0.21364295179640205,0.23768052055983466,0.23465446118588726
ID243,0.2426473666105219,0.24506378362139428,0.24101099623030975,0.22871887863266946,0.22222504570481613
ID244,0.49283360419851435,0.48249979248144825,0.47828158008104166,0.4706467875898131,0.45531265176459074
ID245,0.9453146249102019,0.9458469089121194,0.9441992723438518,0.9384305318550786,0.9394799488356956
ID246,0.8886750365332654,0.890789605009145,0.8854836674088938,0.8767033944498451,0.8799789123068981
ID247,0.4374151785240616,0.3586844909686284,0.39144527829335357,0.42204136031380696,0.39386419124147004
ID248,0.20699422334124898,0.11526503794129957,0.12413111933139549,0.1614664975324297,0.1396223065125529
ID249,0.1835785853935059,0.18123886646103918,0.18261321569126185,0.20751430739234747,0.18511780382556353
ID25,0.22929652570132064,0.212566495897457,0.245399466755123,0.1294818229073176,0.14645123216828468
ID250,0.9952684777477497,0.9955279373183715,0.9954855983199383,0.9954256777372366,0.996443420337055
ID251,0.35171491187442666,0.347880135056215,0.32306609109766954,0.3142125996486091,0.3174989933706883
ID252,0.9237920061804371,0.9308542701805974,0.9315408521294294,0.9360048519576926,0.9379189749097994
ID253,0.6413773548901128,0.6509625714678565,0.6432169533029668,0.6103646597627036,0.6244268967049559
ID254,0.4071686014545117,0.40447043025837354,0.41513430421578085,0.4154634571218896,0.4090568985518423
ID255,0.9549808013529564,0.963290286478244,0.9644659520051809,0.9648606119484113,0.9608672095229496
ID256,0.9985905729993009,0.9979681710488056,0.9976414296623255,0.9985909553577824,0.9981470824384742
ID257,0.9300676031609152,0.9337168511178797,0.9355317053844399,0.9294516588052173,0.9336636434093754
ID258,0.9977212312208965,0.9977481518705966,0.9977469097518207,0.9976073886372273,0.9977406339831397
ID259,0.9753558447962654,0.9739842357728866,0.9745543406782243,0.9763198821975139,0.976459919248402
ID26,0.9812222812194188,0.984646243045567,0.9851039837319259,0.9816695152334304,0.9804530761382856
ID260,0.8545511639608496,0.8560574258727534,0.85589177921862,0.855582351632902,0.8569926506318466
ID261,0.25515210597530263,0.25666474673675643,0.2580282822523054,0.26526050603858053,0.2576561820529048
ID262,0.5704445797275636,0.5472099689371696,0.5394100360220844,0.5339645892994483,0.5145526674253628
ID263,0.961117740150652,0.9595832947195873,0.958937557819441,0.961635279681682,0.9619614294705657
ID264,0.9379517370727157,0.941337733072935,0.9418993369875827,0.9416335468786277,0.9374195583504344
ID265,0.054690892454646006,0.04996324939399872,0.04670680877603824,0.03903740620076305,0.028504282154150403
ID266,0.9996599906839104,0.9996401855077711,0.9996442334697475,0.9996230712608815,0.9996219489402877
ID267,0.9991094926126424,0.9990683413267704,0.9990949478383903,0.9990879575112753,0.9991800872218054
ID268,0.99964071029807,0.999643494455956,0.9996237403335617,0.9996492789498256,0.9996416499287323
ID269,0.9984395775680034,0.9984626615973483,0.9984960813793978,0.9984380552995477,0.9983673279935176
ID27,0.8090086143128898,0.8566840252540291,0.8479710970267161,0.8137082495176742,0.8308180900549808
ID270,0.9977004631278806,0.9976423322784234,0.9976694292555869,0.9976689583506757,0.9975720800484355
ID271,0.9988390637321282,0.9992087441140444,0.9991833330884102,0.9989685526871406,0.9989127123415624
ID272,0.9972373732500772,0.9970249380166442,0.9969561878865848,0.9970994578809381,0.9969680077782658
ID273,0.9917126364097181,0.9916232249601227,0.9914984701189291,0.9915037999853653,0.9919333418468773
ID274,0.9996582200851698,0.9996720805101681,0.9996731096640085,0.9996350776462654,0.9996867115662736
ID275,0.9974557057431044,0.9974444286311973,0.9975203590514147,0.9975181189777079,0.997524025248283
ID276,0.9993364899060473,0.9992997190593025,0.9992249652430149,0.9992760128142271,0.9992961097942713
ID277,0.9915574019624755,0.9909699618282185,0.9899221329648219,0.9903979249450394,0.990570503590829
ID278,0.9898432071464179,0.9901129322706176,0.9897026448622617,0.9900009858746254,0.9900723191055153
ID279,0.9945549017750056,0.9948739167271367,0.9947833807620249,0.9948085627207082,0.9949162208944359
ID28,0.5721941669198362,0.5705464809626687,0.5579138742783623,0.5731152738617711,0.5707965332171551
ID280,0.11939035274588938,0.10709169570378081,0.10534074779736881,0.10263357951317759,0.10494340744719856
ID281,0.9833037798230753,0.9835628881187808,0.9835665968726253,0.983426214714914,0.9831932380824622
ID282,0.9992863381359358,0.9990788003692428,0.9990626649522479,0.999088812360868,0.9990595479323026
ID283,0.9990222317352004,0.9988603253308176,0.9988114777651989,0.9987827579994536,0.9987303372793415
ID284,0.664006877941993,0.6438485365369478,0.6423208282241307,0.6502859460180033,0.6447752877772609
ID285,0.9526673387751096,0.9456612407610105,0.9463931841564784,0.9373779143089175,0.9378277649613183
ID286,0.5936405211414804,0.5999876081662535,0.597360483227731,0.5950172004640991,0.5967161600242408
ID287,0.9304567817642663,0.9313516494106046,0.9304302529736449,0.9297329035981113,0.9304250139813345
ID288,0.710922038670529,0.7089859440374789,0.7140915714764766,0.7123156624193392,0.7081091406496024
ID289,0.6085343302949128,0.5922205224182654,0.6372740160670501,0.5810402712659318,0.6042850655032515
ID29,0.4664221298032232,0.506955049611182,0.4719286698859066,0.4384188699573907,0.4614560404698172
ID290,0.18030463788803244,0.13890694089159236,0.11575813824806423,0.10326364895291955,0.11130578375520744
ID291,0.9240343664256159,0.9271357102795141,0.9265844622909384,0.9283480619079679,0.9301616198770882
ID292,0.3735937284977671,0.3663356638136355,0.37299887214438704,0.37761821178238214,0.37006197768466137
ID293,0.10078255916754965,0.12700675684681287,0.10703558063540025,0.08593641569199167,0.09304910715610559
ID294,0.9254784460864053,0.9467327401408099,0.9552271638122315,0.949605300309487,0.9505788763415702
ID295,0.7385628607324933,0.7532503135635658,0.7485304424448757,0.7327575371649674,0.7202914752532203
ID296,0.03470137755369993,0.01654753738481178,0.014095644492069995,0.020510811226089755,0.02451176486602011
ID297,0.14333317022001213,0.15390913132363782,0.16587060589987948,0.1403626082746331,0.15282722210512217
ID298,0.402821767854961,0.41229935141433943,0.4050481799671628,0.4060082377837681,0.39050524028370187
ID299,0.666412180538758,0.6954866289067265,0.7068582102155231,0.7005822636120346,0.6949965776529754
ID3,0.9661692241750631,0.9641960005860559,0.9642940186892536,0.9670633222822466,0.9662116733164785
ID30,0.1567035581408574,0.12133472376762666,0.10407972172182746,0.16542910127872448,0.10023904828530056
ID300,0.9904536507256155,0.9896252325940768,0.9887954658821365,0.9893606853995006,0.989552890704152
ID301,0.8009667503929997,0.8100531422825229,0.8038533373460776,0.7872673495037593,0.7995135849835694
ID302,0.7945039587996435,0.797770106775943,0.7953096998702863,0.7898052803871188,0.7907605020016574
ID303,0.6030152499130169,0.6306392272570184,0.6231699441094737,0.63954817299528,0.654684310444468
ID304,0.5244675772592305,0.5200926478979454,0.5157771464231587,0.5242048070663098,0.5156065488884044
ID305,0.9770053461576618,0.9775365658099116,0.9768764079904936,0.9759784146371024,0.9756726120559591
ID306,0.954388496683381,0.9669850525951015,0.9624546474680583,0.9637550643489899,0.9636641185069785
ID307,0.5804247849385484,0.594296793318946,0.5828313949911405,0.5850723529837981,0.5924757511328548
ID308,0.7787667731085248,0.7924792535470792,0.7953632306107195,0.7857009129489879,0.7870263763509833
ID309,0.769759891652117,0.7760485421767783,0.7764742173100179,0.7682967992871846,0.7737368535552095
ID31,0.6604302974190953,0.6812983231151152,0.6786684450820603,0.6249511687496417,0.6599500936577093
ID310,0.9386317752748566,0.9426701305634589,0.9411997425251467,0.9436965392595047,0.9410170067179088
ID311,0.8538367131520088,0.8372347499681361,0.8273191646027366,0.8242220936981984,0.8318477318064823
ID312,0.49346799797030755,0.47756030693116625,0.4566104101441187,0.49229619676001257,0.48410134468278604
ID313,0.8200879240030887,0.8274109766724537,0.8246478323949334,0.8188063994363023,0.8180095236256357
ID314,0.6257653034211573,0.639068370373182,0.6455605943863886,0.6035065454890628,0.5929907437538465
ID315,0.8709354124169325,0.8645050349867388,0.867003286424756,0.8697321404675024,0.8682307318007102
ID316,0.18938084210172343,0.13144617222624508,0.09086374826593539,0.11375262085015753,0.14440748569897585
ID317,0.5621407442748878,0.5035061059784943,0.5099393994648246,0.558405955342547,0.5404204316303032
ID318,0.7533907337016993,0.7565795727673367,0.7579911194842905,0.7577949393412605,0.759747535572068
ID319,0.910446154821643,0.9113043654844327,0.9112867700878842,0.9103212708926143,0.9111993872634354
ID32,0.9066615168999811,0.9036036068672572,0.9095882700609298,0.9056147845261623,0.9011575609000994
ID320,0.9976350453070667,0.9983006641131168,0.9983407906198672,0.9981340089090812,0.9979288863436228
ID321,0.995152082172786,0.995896320802455,0.9957542466596618,0.9951312999222557,0.9950633011014882
ID322,0.9972020006995291,0.9974652300509138,0.9971572091811294,0.9968653780339002,0.9968110325135915
ID323,0.8768475130208339,0.8933320259011382,0.8932901515836166,0.8854795174708839,0.8885030447249367
ID324,0.9981168298334108,0.9981594269138164,0.9981427168877746,0.9980716504909292,0.9980814949777951
ID325,0.9322921201483222,0.9366419619883875,0.9379890510192048,0.9348764238765078,0.935012216034044
ID326,0.9913407203135732,0.9922268154949575,0.9920794432246542,0.9918501913062734,0.9916909652688725
ID327,0.88585891305778,0.8949732692826499,0.8892243078706064,0.897351436705486,0.8930659681988563
ID328,0.999975384986438,0.9999747409448739,0.9999759029826046,0.9999743897943305,0.9999728380802413
ID329,0.9998723722140422,0.9998728410519702,0.9998708228888032,0.9998682976822074,0.9998790538594559
ID33,0.34977865086158766,0.3810831179413279,0.3874862405683687,0.3839866354054354,0.3900868715662063
ID330,0.9952624253531465,0.9947902189237888,0.994687624625889,0.9948304351180197,0.9949832869872939
ID331,0.9922945021745773,0.9922452368384648,0.9922101822849815,0.9924188909456132,0.9931436103871389
ID332,0.9913098812767746,0.9913033359490068,0.9909700805586187,0.9915654933833395,0.9914482297087669
ID333,0.30222730896730127,0.33829754813051877,0.36205534006301043,0.32622544028674644,0.3527435582844207
ID334,0.5689914567483884,0.6121148055775731,0.6095191639069525,0.5410811742391536,0.5512681978401532
ID335,0.06099112455403454,0.07890072202216773,0.06529564265286804,0.05224428601968998,0.07039864426728336
ID336,0.9947604590163858,0.994902090184849,0.9950271615918712,0.994839307352441,0.994828420819405
ID337,0.7326236850850103,0.756869507861906,0.7643831465270785,0.7496013319360096,0.7683663557475163
ID338,0.9798143103805049,0.9709427728480988,0.969652114242209,0.9752166462059377,0.9752335403591355
ID339,0.9964482932049954,0.9964380731844606,0.9965428502865031,0.9962644749816193,0.9964261003001189
ID34,0.9950196317096404,0.9952042313960908,0.9951106585227757,0.9951839506200005,0.9951242815120126
ID340,0.25045329306533143,0.2947085058040185,0.3457731072265356,0.20919393988370028,0.30290487302867963
ID341,0.33363356487063967,0.3202845024277435,0.31341804248581895,0.26667986157633655,0.2843130131697628
ID342,0.7498116686748473,0.7168366832011813,0.7049403622064444,0.7432137309532586,0.736987871981354
ID343,0.5952170701867633,0.5643146646941303,0.565706627685109,0.5774850039910517,0.5587946640797427
ID344,0.4031720007150419,0.3125375856508506,0.3367404366293045,0.3453436352014205,0.32974976669600026
ID345,0.5413188501761484,0.4509192645291293,0.45424319247500794,0.558469957584396,0.5068555076934603
ID346,0.514216590999067,0.5514236620043378,0.5562506064669164,0.5598654974955889,0.5638356188005783
ID347,0.9214922352890045,0.9157151073529901,0.913014142179119,0.9239224254496156,0.9210470213713556
ID348,0.9619866730329213,0.9628756744342465,0.9645037317460753,0.9642839101220306,0.9676387163077985
ID349,0.4903963669911722,0.47087099195617776,0.46230090229840587,0.5247184074244106,0.5234843852110859
ID35,0.9510697866349725,0.948049777667089,0.948113721811222,0.950988921555869,0.9484040313501693
ID350,0.45727796513290836,0.4790532865966843,0.47322070520102194,0.43534445150584733,0.45784697925344303
ID351,0.47577891619025553,0.44937838571319594,0.4844052913407291,0.47893034318283617,0.49499980287368067
ID352,0.9994257633213876,0.9994175018651087,0.999440938796503,0.9994147067856144,0.999403469107106
ID353,0.9994988987224819,0.9994692767136472,0.9994694380857821,0.9994785418996223,0.999474455815605
ID354,0.9995145296151923,0.9995144872467362,0.9995091464792073,0.9995231749282848,0.9995300560444403
ID355,0.9991620198996255,0.9991168974100733,0.9991366635134415,0.9991091745368229,0.9991755858491141
ID356,0.9992150697278851,0.9991856434724863,0.9991873105905849,0.99922777916496,0.9992024139693488
ID357,0.9985123432090163,0.9984474148465122,0.9984914179106262,0.9985312026453631,0.9985449988494937
ID358,0.1001115955048692,0.09993208504075594,0.08836466296611728,0.09787730747884339,0.09768426149473512
ID359,0.569253177767784,0.5711602288413637,0.5664738128517758,0.591210309787021,0.5836820297964666
ID36,0.8240901855184207,0.8253256770599791,0.8342332915238639,0.8280150086353396,0.8173018754814046
ID360,0.8773092805472508,0.8675946104844342,0.8806601539314762,0.8849863773427383,0.8846947807559413
ID361,0.6260623593182989,0.624485558405229,0.6234082569699083,0.6585764916135931,0.6325165117224308
ID362,0.8913043177938101,0.8891114861542325,0.893451547127969,0.8987767144607605,0.9017695317365444
ID363,0.6366886449999353,0.6303752568282744,0.6377342706429482,0.6670909312709433,0.6455948182008983
ID364,0.6219426507797442,0.5976740894375858,0.5479299834488495,0.6982202685698572,0.7348736234717852
ID365,0.9843869638548504,0.9834952857062859,0.9846118049185685,0.9848544384373302,0.9853567568238626
ID366,0.9910136562071602,0.9898700639882069,0.9904735442089633,0.9909010734780387,0.9905971512188966
ID367,0.992280996491858,0.9920357552703911,0.9922862189546025,0.991868325474905,0.9917830976777195
ID368,0.9590310962431107,0.9588662772662779,0.960755910327361,0.9614542463359229,0.9606786621600842
ID369,0.9899195821833287,0.9892405552662652,0.9817188509906817,0.9923495456964749,0.9937979473968467
ID37,0.43759627467095236,0.42727669226820314,0.45231747307585346,0.449135574996401,0.42267181014038807
ID370,0.3199652936193128,0.3189415984226625,0.3270504811433033,0.3630749436924006,0.35300715452783343
ID371,0.7788507332981984,0.7861174892846182,0.7963154001553273,0.7533559778739501,0.7600638499240681
ID372,0.11299848148088022,0.11527508904159171,0.1107857124707317,0.06642881661120437,0.07870387938819456
ID373,0.402398951009447,0.43431455255929347,0.4127421080872116,0.41274345889694813,0.4073377112002727
ID374,0.8213748093971694,0.8080998789012557,0.7974893691933115,0.8274776535297895,0.8098833513848129
ID375,0.9205141666093621,0.9149110234249225,0.9167644250796831,0.9244632771030993,0.9169168981684702
ID376,0.5349018040878316,0.5016097644776366,0.5284442156818013,0.4994059864770273,0.49599507769981327
ID377,0.9473830233743902,0.9381383969097121,0.9406480896519885,0.9421702656917595,0.9420726374964908
ID378,0.9774037466943272,0.9687264915688111,0.9704515966756261,0.9761065540924329,0.9776424646751689
ID379,0.9578849063967779,0.9563802596569486,0.9562919468379758,0.9580700110272392,0.9573547364913001
ID38,0.34000426001097656,0.34526082416405357,0.3585844893091641,0.3547304226151357,0.33675963746234167
ID380,0.9297994846672394,0.928561052597784,0.9279462640077459,0.927271950093544,0.9269606011068837
ID381,0.13100623988449014,0.09446942989905482,0.08326420704830693,0.12001377312361838,0.10225323394710482
ID382,0.07294756647965227,0.04486179897559588,0.04736185290981159,0.04649315726760081,0.0434278866783836
ID383,0.22735230255245623,0.27170521916002516,0.22938384208557636,0.24855609280041138,0.2299999274306984
ID384,0.24580758575249073,0.25271137289166784,0.26660036778514934,0.2791626591669379,0.28466781362684496
ID385,0.9882769176754208,0.9877206589097075,0.9880228644119627,0.9883677758289643,0.9880003330388134
ID386,0.9016527211075803,0.8949448893299395,0.9018298503166431,0.9053417605724229,0.90702764068625
ID387,0.9391181980069988,0.9360806385060587,0.9355910651091621,0.9402022534595639,0.9418690387978351
ID388,0.9886148642109719,0.9868426396776172,0.9876619526845474,0.9891231641706558,0.98950929355357
ID389,0.9920425416674336,0.9904521379505654,0.9896794053409317,0.9926808829227739,0.9933056840936053
ID39,0.8936106770397734,0.89648345054376,0.8909861320989346,0.9040274033304695,0.9053135958233974
ID390,0.14334198078287588,0.13488295645186185,0.132464690092936,0.14019208219417453,0.13724595433994904
ID391,0.4692992150648527,0.47670545565416145,0.47773920083975246,0.49102000346484154,0.4987505848357456
ID392,0.8351273709764481,0.8373747862704914,0.8386893540340418,0.8421045585324957,0.8445682139491564
ID393,0.39469203232875355,0.40341362216796467,0.40159704478179337,0.4295365787930332,0.4393555551244141
ID394,0.9865163726921596,0.9867834641615051,0.9868510649994837,0.9869395715776511,0.9870908894849051
ID395,0.8597875702044786,0.8550249594512612,0.8622436264558614,0.8625432725850554,0.8681025700693535
ID396,0.7982846234631217,0.8046457911720669,0.8047331745373376,0.8138859384669099,0.8183621222185836
ID397,0.9008680881341472,0.9023572306489323,0.9024350951036987,0.9067908608686123,0.910329525693767
ID398,0.8780953557126004,0.874713972622425,0.8843836952998786,0.8831992853259315,0.890685838045287
ID399,0.6157571038782185,0.6179789594202812,0.6130958405603698,0.6104836096812406,0.6112198838789322
ID4,0.8335704006930413,0.8395467171037737,0.8458503338386366,0.831846553692377,0.8406984097340274
ID40,0.7591692734407264,0.7648042225242327,0.7806084816914285,0.7733061676435584,0.77752004622072
ID400,0.9623298050943148,0.9665841567805885,0.9629055657649587,0.9612256929003945,0.9625888737220568
ID401,0.5186533398471941,0.5314603784969864,0.5202348890115794,0.5088663882107858,0.5115697106255883
ID402,0.5975033165984128,0.6070649787164099,0.6013793000458507,0.5766813045657172,0.5822173559669643
ID403,0.8591963762225069,0.8551904793177841,0.8493123907365575,0.8488246881746949,0.8444649059143515
ID404,0.7216391402192802,0.7078706354791805,0.7281014994864199,0.7171380793569804,0.7211808406745783
ID405,0.7080467123637847,0.677668988073805,0.6834943646053694,0.7096317961384916,0.7041051425841803
ID406,0.7891645845672657,0.7765974047960985,0.7756318377993799,0.7910945369500707,0.807182200169804
ID407,0.9149738887638676,0.8982774096200297,0.8994450796340988,0.9135880593702828,0.9071097468804986
ID408,0.8161364832465288,0.8104869502779013,0.8061931119257469,0.8149857588474713,0.8128259080174581
ID409,0.8372154218216653,0.83304997340605,0.8261649839283124,0.8336616638229447,0.8313858441128906
ID41,0.9973995368529806,0.9971718608013956,0.9969019616405074,0.9973531603466436,0.9972794556701094
ID410,0.7068285047451646,0.7036980096907386,0.7143414922998451,0.7182758512270926,0.7355723024211733
ID411,0.9628752255005054,0.9699804711224759,0.9665431523090416,0.9614840024603061,0.9659622535892436
ID412,0.9337377229046567,0.932704110731097,0.9347865612318903,0.9361319705923731,0.9375807169792965
ID413,0.3676542689796903,0.38538300796679353,0.38040816924038773,0.3842856731353724,0.39324553302908577
ID414,0.9008390289075519,0.8950061938526935,0.9013474210998685,0.9042572597153812,0.9062423535383943
ID415,0.9690232348549062,0.9706331644346031,0.9687784891563348,0.9675548116310534,0.967807666949709
ID416,0.9309619916883082,0.9336298427710804,0.9296180935660022,0.9283236856967888,0.928671646246912
ID417,0.9372632375720209,0.9412529076927632,0.9359612253956584,0.9354963682086977,0.932261434045578
ID418,0.8694416794695661,0.8728410234116688,0.8750564218940836,0.8653992056539996,0.8636918815590789
ID419,0.859780465567887,0.8443271904048261,0.8588615810355451,0.847115603193373,0.8345190243127555
ID42,0.6517833113577322,0.6289619810314612,0.603849729297027,0.6493060709428343,0.6411105398693168
ID420,0.9773175028939124,0.9757181511852241,0.9713180966009421,0.9790012065970055,0.9800405317258644
ID421,0.3350204487959232,0.2516822381865501,0.28807151768213773,0.2509352928033077,0.1684474809877875
ID422,0.4903652440251183,0.4846508268586424,0.48381476150098685,0.4697792915830284,0.4615586043473597
ID423,0.7331382058325787,0.7363067551847683,0.7375060054335476,0.7192464201100224,0.7201474785351757
ID424,0.3412824164518847,0.34304134806602066,0.3461542672423162,0.3276458201141583,0.3207659345137926
ID425,0.6176399195398513,0.6202460247796566,0.6099910113176131,0.6087565512158343,0.6057464136837345
ID426,0.5023434290437204,0.49655951151916805,0.5008171131472656,0.4817906565356947,0.4639756282190459
ID427,0.9788149208028186,0.9779861889699313,0.977687924240391,0.9769783427808519,0.9765336669876592
ID428,0.9897157385914729,0.9895021072824797,0.9894919292271234,0.989145475108984,0.9888913839603943
ID429,0.9810667517452218,0.9808217436982524,0.9807089997636984,0.9805201287673505,0.9802937984595413
ID43,0.24183595811762668,0.2838573364013075,0.25072753500396494,0.23394852280614845,0.2208817632766149
ID430,0.9776095618904606,0.9774227774175199,0.9773871961562622,0.977138772062259,0.9769196199933429
ID431,0.7825388766846152,0.7776669297959039,0.7771905028680707,0.7622960571336951,0.7548014971232208
ID432,0.24902371214797617,0.25730857067792073,0.2559353131382984,0.30195022383858033,0.3112034784162849
ID433,0.48739377240508275,0.4810492736459939,0.4878065644581777,0.45844273975734806,0.4386520878774393
ID434,0.5807496341192364,0.5693303133530484,0.5670586343956174,0.5332544689243851,0.5198000636712327
ID435,0.7573032686815586,0.7551427336560527,0.7546130069184235,0.7408786926592765,0.736043852796291
ID436,0.9910833004841145,0.9911256210833465,0.9911070835248971,0.9913959128018214,0.9906666404377343
ID437,0.7526018833934937,0.7623666946402504,0.7594023212866293,0.7468798829472082,0.7566548731934796
ID438,0.9822618372086303,0.9823649027277629,0.9822151545858667,0.9817251708021445,0.9814163177035335
ID439,0.9946543825520333,0.9954658981538884,0.9957018341113438,0.9948590326494645,0.9950436675207608
ID44,0.573451646047148,0.5871723517268375,0.5831829395284487,0.5604810052614909,0.5727935308161626
ID440,0.9000423626762043,0.8992009771077809,0.8990006045366168,0.9016886026378567,0.9008308489006173
ID441,0.7349462547477815,0.7566231098021605,0.7555919266300214,0.7485611111921622,0.762427103698184
ID442,0.22520676448966123,0.21189298306781498,0.24223439965834415,0.2611257080788383,0.26677361818713624
ID443,0.956907243169129,0.9572145706115415,0.960477345783663,0.9639077148670229,0.9639745408483854
ID444,0.9874480267327521,0.9868373382384794,0.98616842693373,0.9885570737391398,0.9892199611844693
ID445,0.5903809531143719,0.5741635765404313,0.5873632702003304,0.6139272459928028,0.6299960257802768
ID446,0.9002809505165699,0.8978647660580356,0.9013758711030618,0.9068595245934522,0.9105808451647163
ID447,0.4392736716593259,0.4384193546296782,0.4169832639220831,0.4030707733662055,0.3910601629292385
ID448,0.9639674189778518,0.9636845357081864,0.9667037653329261,0.9579424145947871,0.956939880188919
ID449,0.9546631921548729,0.9533538495646909,0.952046380076741,0.9458362380514003,0.9450955839486599
ID45,0.9755527849053154,0.9765942366627126,0.9767985888260494,0.9771524212614738,0.9776159084517376
ID450,0.1848895829735676,0.07756317368840462,0.0835105300921161,0.10191610969855748,0.04412088016052881
ID451,0.8940750503407414,0.8638068565620977,0.851016045127844,0.8821729207017408,0.8873942021388305
ID452,0.44561715036514876,0.548496042433018,0.6254080656871487,0.4322933815589747,0.4700621961661892
ID453,0.3696293689790513,0.43315182158383775,0.4212909526185205,0.3663817858236103,0.36302170681252766
ID454,0.9971457092440515,0.9971182725564169,0.9970346540638256,0.9975908963162464,0.9976396532341919
ID455,0.762121502753781,0.7421546274729219,0.7135820711947586,0.7806060656351539,0.7980103350534763
ID456,0.9424843352846751,0.9444212075066267,0.9448298874709239,0.9421431102369056,0.9452116578728947
ID457,0.9625429581849354,0.9639676632035933,0.9607752992791907,0.9632979887921692,0.9641750885582706
ID458,0.6127252377178938,0.6236972173716362,0.6188015705707438,0.5780096647712186,0.5846605825002813
ID459,0.18506705348818087,0.15164039579379576,0.1395416735474905,0.13302200591865626,0.13466236675868284
ID46,0.9131551621450676,0.9206583442688347,0.9202451692808881,0.9170666841904977,0.9200135497125662
ID460,0.23883915725731542,0.16943309800720388,0.16693691678579028,0.13753245063868116,0.11610754365197383
ID461,0.18658366721079678,0.1370333933999803,0.12167147348831749,0.12571885402945368,0.12363404842364134
ID462,0.057562451893993005,0.050793891773424284,0.05081504514983215,0.046650672777022915,0.04915158633679196
ID463,0.07997803692603755,0.057245150399506034,0.05995863013613013,0.06580222092090802,0.05149025309228853
ID464,0.06132774606681588,0.07308858541591344,0.07089732653593547,0.08643871377063667,0.040141775929592914
ID465,0.09309981337433458,0.10414705887446134,0.10273061864443254,0.08167227803854017,0.07875394940237113
ID466,0.8244912742507519,0.7960788648508994,0.7029248476022981,0.8305486275493069,0.8450097417697057
ID467,0.827107065303232,0.7971439654290754,0.6938527420487954,0.8231186691384359,0.8390291638187516
ID468,0.3660248403152706,0.36150347620228557,0.33557364955168945,0.34074532467761726,0.34885896134494776
ID469,0.9980625660319588,0.9978243893006655,0.9976508614243565,0.9979773782577173,0.9979630700114902
ID47,0.1764974792567767,0.2379512840757344,0.24649978791222016,0.20887230866758702,0.20228423640663085
ID470,0.08415963902930113,0.06540965232635544,0.07232120925453368,0.06089282897013878,0.07350692709275843
ID471,0.22368468260955834,0.21995599095180648,0.23556619659823838,0.23690476749952374,0.24520133069210068
ID472,0.07250310831453775,0.05901606335942134,0.06017058403871276,0.05467988922059707,0.04776309779873949
ID473,0.08500029449206577,0.054364116393094485,0.05187914493575932,0.09629116406950951,0.07062720238921487
ID474,0.9577317081390414,0.9588274403583399,0.9584877704458258,0.9593469652658119,0.9586824174250498
ID475,0.16018184982310987,0.1657347506245513,0.16162419330710212,0.1591274888381535,0.16105042422655544
ID476,0.31101146498919074,0.31850664677029983,0.31435652499121414,0.3038485206881803,0.3056255420911107
ID477,0.9976923257402821,0.9976929225571448,0.9976304763484537,0.9974921587414681,0.9975347349891585
ID478,0.502272085531754,0.47786794465517085,0.4816832262050919,0.49044598401636935,0.4794125739601174
ID479,0.09061264343423987,0.09391976254160032,0.09186043216351035,0.11975072275102595,0.09978015535339853
ID48,0.9063889842238738,0.9040212314755222,0.9027309502729176,0.9037135431873026,0.9028747663926017
ID480,0.2259535752021883,0.21053198547995042,0.23263025935109824,0.2360220314255008,0.21985998863732523
ID481,0.112926273971863,0.12288464421755689,0.12054704075738076,0.1146733600497667,0.11658595505225013
ID482,0.10305030475331693,0.09984128076010877,0.10173464822323751,0.06564811335662701,0.054594456361689137
ID483,0.04103600374366318,0.048736983751701456,0.04151422758788254,0.03856335817271741,0.03194182519844525
ID484,0.5873930102696058,0.5885393350592311,0.5887479633013102,0.5895531453715763,0.5897446040487545
ID485,0.9784237732152303,0.9751753868569204,0.9744706046544671,0.9755269540918124,0.9732122640094291
ID486,0.8698031119081718,0.870858216649138,0.8683463385197644,0.869295910867748,0.8798701387660656
ID487,0.8844505615800425,0.8845774976901216,0.8854209535005855,0.8866325411579429,0.8857275333964815
ID488,0.07942005529292066,0.05978691451631606,0.08587443833158498,0.11657664939271178,0.1320407243997005
ID489,0.9524177946379409,0.9558741419021985,0.9525357724726415,0.9574371451395459,0.9564161245120107
ID49,0.9918127671990046,0.9914042870277365,0.9911130810419779,0.9914811467591195,0.9914502503865319
ID490,0.12130391704174721,0.1264497318785615,0.08585877778799188,0.07032139570627637,0.04565686928298421
ID491,0.04056961389209893,0.058680387449244246,0.06029843519035027,0.09139972162089016,0.12259650555001404
ID492,0.08112420952985383,0.09255389025530432,0.08010512216386058,0.08852191133747812,0.09527478902875157
ID493,0.379955452528689,0.3813324146939954,0.3752882654005016,0.3707621104928113,0.3569557200747107
ID494,0.11807734894486692,0.07973453466730802,0.1045650855547226,0.12064989752245686,0.11711714814946443
ID495,0.03845204775494734,0.03277106438558108,0.04127324419487799,0.04147339093110252,0.05553670191053454
ID496,0.17680359417483918,0.14080565768732112,0.12829734185147082,0.12291468283177705,0.12378078106291816
ID497,0.956880927750538,0.9547686602396294,0.9537469743863466,0.9550414664559281,0.9523520110124709
ID498,0.9893673774270226,0.9895968280747724,0.9895413066285911,0.989012644714046,0.9890591984479794
ID499,0.9987650783213328,0.9986809598156267,0.9986265357843694,0.9985798783870701,0.9984680380916968
ID5,0.6221977758559519,0.6246357821956684,0.712701460058968,0.6958561773128674,0.6271987606520985
ID50,0.20110377541820904,0.2076505350091484,0.20934110289050153,0.19597950883688356,0.19465167517258056
ID500,0.43419600909345046,0.42284462986587346,0.41973550904074,0.4358379475582009,0.4121237184091325
ID501,0.23216804247160105,0.1327291362974593,0.12042486102864063,0.08891559536841336,0.04237780535126562
ID502,0.374583834995176,0.3179720870361685,0.30616420835822894,0.30318134305258904,0.2601514223186526
ID503,0.4547571116706159,0.4273265654515331,0.41985618664910535,0.39357641685219685,0.3878409310462007
ID504,0.9064867166754621,0.8962101784282916,0.8943472577570214,0.8883417792997458,0.88399211194544
ID505,0.3741478480875781,0.4211769316426794,0.42794541686502474,0.42317395715381584,0.4517079568065889
ID506,0.25029897350590324,0.2648103501612963,0.2733692516368094,0.2636392051835266,0.27101086198031554
ID507,0.9981139285839689,0.998139731890201,0.9981313871653893,0.9980929179799709,0.9981023186256909
ID508,0.8793321470570722,0.8613844847543888,0.8574072778774801,0.8521072580037434,0.8529392265864514
ID509,0.927192210869888,0.9312090170746742,0.9322276034228211,0.9303231151424275,0.9341080054190735
ID51,0.9977672426207717,0.99778934103447,0.9978527465324865,0.9979225890065501,0.9979364321488192
ID510,0.5205520246774088,0.5422585742858039,0.5542296556270557,0.5911320237249508,0.6012823658571155
ID511,0.06167651048973646,0.03730210585726707,0.05100637770807956,0.040782139476720415,0.07034710941107507
ID512,0.9526704387421187,0.9534155753125103,0.9546985947186005,0.956262330477931,0.954361067053687
ID513,0.17694683394454716,0.18159255444553926,0.1955722544175428,0.19534726552478998,0.2129022497463987
ID514,0.47955188021117073,0.4484361607017091,0.43092613414275455,0.49745359096929787,0.5202730886694106
ID515,0.5748990879779105,0.5793821093757231,0.580192306622882,0.5870406311398332,0.5868147322473619
ID516,0.943849714369516,0.9444671613402137,0.9424662615190247,0.9416686250115945,0.9382874088403277
ID517,0.4207545518209328,0.3325923815544875,0.38816822709162874,0.3740851797531783,0.3882699339760873
ID518,0.8202867425524655,0.8185476454428117,0.8135603381012334,0.8123417406033185,0.8085750715726499
ID519,0.7666792924033673,0.7822065707004252,0.7699718895410177,0.7582538027586798,0.7545401978527293
ID52,0.4361683310090168,0.4418901940161901,0.44315480310496785,0.4296424495172058,0.4286979921079763
ID520,0.8534577488060281,0.8565685029365877,0.8509777495049202,0.8507334729714313,0.8447016376651971
ID521,0.21020338196804209,0.17914279210572792,0.1751710426796923,0.21694671433947335,0.23427505635778276
ID522,0.20953162872660877,0.22318155364128897,0.22198812061842446,0.21170697029637373,0.19368878736569253
ID523,0.03321593266005032,0.03626479168417281,0.028834686122654052,0.03257800639814051,0.03164993979755038
ID524,0.1812372753641999,0.1701127261197842,0.19295310333657437,0.22351263065036,0.24224190895227515
ID525,0.9580368919095238,0.9572419687221158,0.958666416454574,0.9596775434117676,0.962529565373245
ID526,0.05140957896040264,0.043747742931908896,0.049017068440271795,0.04738049899410799,0.059084827109574634
ID527,0.2330264700125929,0.2453211775123739,0.26190213415828256,0.2950180564262328,0.3080661075147205
ID528,0.9880499968578805,0.9851409818692894,0.9853855555854225,0.9849130883726932,0.9840004450614003
ID529,0.6093791933699465,0.6088720379722135,0.6172391061310908,0.5927336444074549,0.5953525990845024
ID53,0.9933496942884431,0.9924927708700473,0.9914011793465348,0.993624334547219,0.9932547147906393
ID530,0.4917099017816489,0.6242332520580789,0.60713214434462,0.5609037771763602,0.5524791766994102
ID531,0.33087847937437637,0.33093492901732413,0.35947433960866776,0.37092376363272095,0.3987693831310452
ID532,0.14343559836563724,0.15039177783936583,0.1430516182242097,0.13964893789629493,0.10766672157170341
ID533,0.9426649479637926,0.9275183576918057,0.9267485181261083,0.9453486365622333,0.9479780158635257
ID534,0.9887218961104572,0.9886204564916227,0.9888416893685331,0.9889610730587953,0.9889649405702555
ID535,0.9816283275333507,0.9855014799785807,0.9852517386646542,0.9888798124145314,0.9879433684289584
ID536,0.9479362414947471,0.947131505278105,0.9480526070365078,0.9486086293481732,0.9490461586700794
ID537,0.18323386444092007,0.22578899353328938,0.22787576563568326,0.13873864889962967,0.12323871264010385
ID538,0.9258742133721948,0.9280654133060091,0.9349990563263112,0.9189746733941563,0.9156946851988068
ID539,0.9945124683723926,0.9945284600518384,0.9946024783936922,0.9946298622762554,0.9946561322479982
ID54,0.9745388376068903,0.9776807760676466,0.9794164266787987,0.9805328075556784,0.9790126973135759
ID540,0.9919743120634213,0.9919520486197877,0.9923454118410895,0.9924935186303242,0.9927036455904195
ID541,0.6916893862549235,0.7027844359490185,0.703178251630921,0.7054271285608372,0.7013927110693938
ID542,0.9521803501732512,0.9540255716431624,0.9529516124662032,0.9513976678395513,0.9576193589082679
ID543,0.09064328701678503,0.0880436073409226,0.1820931291864216,0.15757743570978333,0.201453519030846
ID544,0.5608441933923336,0.5815789874956798,0.5949292641822038,0.6417159922810011,0.612420699036828
ID545,0.24640129965700272,0.2571877393247488,0.2623226061727672,0.2735583667104113,0.27640182155773696
ID546,0.9926876971474327,0.9935815510030931,0.9925150760590559,0.9941769950493055,0.9938928086318772
ID547,0.5775287864807183,0.5696666759369897,0.5618984312442968,0.562335499294408,0.560526901796221
ID548,0.7934801259555542,0.7878264475172227,0.784158857335301,0.7954412710165256,0.7905727442521506
ID549,0.8363167169204834,0.8343721012801063,0.8332438956630818,0.8338716115587884,0.8367387929915822
ID55,0.5691790622103767,0.484790617923137,0.48257398337813034,0.5218549924811221,0.5233879179249893
ID550,0.7411463468450156,0.7378523846963804,0.7388104170780437,0.7433156985443717,0.7421101910715734
ID551,0.35175205250973773,0.35733852692782603,0.36971242203522076,0.3464872302517281,0.36284946898378734
ID552,0.3423615420780161,0.35475457608621,0.32736584957111897,0.40532393895047186,0.45582543257604885
ID553,0.5025410680705791,0.5385823209975024,0.49830283523746105,0.5410845008691324,0.5967086725051892
ID554,0.37959604681069276,0.37495252397952905,0.4238143367123821,0.48376869228967245,0.4739056705740468
ID555,0.48427153840718745,0.4882441398567092,0.5071311310162706,0.5362508677083874,0.5526144479764591
ID556,0.9510835685822804,0.9045618754217299,0.8719695579987271,0.9342569421520112,0.9308669579800563
ID557,0.9982560470870534,0.9962690826848246,0.9957212685343301,0.9934304372774286,0.9939928089943052
ID558,0.9843381365463998,0.9746493804940403,0.96722871789226,0.9820904812462711,0.9820057008532647
ID559,0.9893056327191285,0.9824000099088749,0.9758292662961274,0.9804900704119192,0.9802863829372455
ID56,0.7858609383081095,0.7717726198798607,0.7600623159288903,0.7599317189133475,0.7578232492244018
ID560,0.9977458530268374,0.9913313929396493,0.9882243660000704,0.9964233112667427,0.9959891189331098
ID561,0.9987888661666625,0.9981724059469895,0.9968741424326947,0.9977695681925066,0.9978951842107362
ID562,0.8352457101942018,0.6533617211485002,0.5828577696022158,0.5021433129038554,0.49630649524701687
ID563,0.9288312414875369,0.9824118791318304,0.9860725790872998,0.8308190455286404,0.9639817759381971
ID564,0.3666153216008965,0.5142374377209437,0.6371909118866498,0.4304584079032396,0.49368285829678693
ID565,0.3097388691698935,0.47270768536233637,0.5545881766618456,0.5445051741402854,0.5791144984415103
ID566,0.9131444327422434,0.9274213610740696,0.9319862265157184,0.9305587420216462,0.9234277479503699
ID567,0.8983290388786148,0.9219613928235565,0.867329171216542,0.9169736343597625,0.9201212315848912
ID568,0.9978665810761198,0.9979112455376528,0.9978806208501395,0.9978769624970182,0.9978896157900805
ID569,0.9972590985102863,0.9972597766480981,0.9972880584330962,0.9973058456151028,0.9973328807537784
ID57,0.9769772309181617,0.9766426776503279,0.977270574021231,0.976781067062392,0.9754454769360604
ID570,0.9964722474554498,0.9964069046620607,0.9964071732035379,0.9964847899205883,0.9964810033451039
ID571,0.9107261866284491,0.912829249810684,0.9109215522621216,0.9152482263870497,0.9154649910668059
ID572,0.9964583587573456,0.996397272374256,0.9964024390375213,0.9964447131461696,0.9964426486583804
ID573,0.5371043981209505,0.5251135776915634,0.5144560451731458,0.6242038025562696,0.6222503883133003
ID574,0.9999227269537304,0.9999232376199312,0.9999234746992641,0.999924156402144,0.9999240914747314
ID575,0.9302143442539421,0.9385649257674694,0.9273605604837348,0.9658123122406472,0.9630300665290507
ID576,0.7823235970434679,0.7972318980804135,0.8024483298140886,0.7479113891786048,0.7476026351012522
ID577,0.9692875778617905,0.9683379705278864,0.9696349741474286,0.9587942514602017,0.958055207306988
ID578,0.8752546108641099,0.8825838488936371,0.883354494207587,0.8558451851522549,0.8592276151818731
ID579,0.9925570750629715,0.992865657895412,0.9929438623829383,0.9921894076720194,0.9919178981406374
ID58,0.9980420998188726,0.9975727763238682,0.9975027205405945,0.9972568760069108,0.9971466261122134
ID580,0.8954096241273516,0.8975185731181453,0.9002151505844238,0.8731102533506544,0.870518479936022
ID581,0.999711634222962,0.9997309394224868,0.9997309329904521,0.9996683269988317,0.999664992010371
ID582,0.9963502887920122,0.9963550546781796,0.9965803364506698,0.9948316357230049,0.9950336775812444
ID583,0.19212169268941473,0.19634372227136496,0.21373573527320536,0.10574680402576571,0.08578465708308325
ID584,0.9821223421233848,0.9828588699790383,0.9837600791309877,0.9764776354061014,0.9768624800135294
ID585,0.9995614681340216,0.9995716909930817,0.9995879620754282,0.9994454393190825,0.9994383460451463
ID586,0.9447342844225034,0.9481406892330363,0.9510162121770191,0.9284433864720922,0.9344397806660424
ID587,0.5406994086881838,0.5441270485705854,0.5088484101838878,0.662774402398112,0.6506761303903446
ID588,0.9285851905043029,0.9259784000483315,0.9308601975315866,0.8906506759848561,0.8901344125279889
ID589,0.9049366776830293,0.9048627384652533,0.9049810484100762,0.904813415056741,0.9048070344460828
ID59,0.6244484136366896,0.6168935562664405,0.6112785990459552,0.6176247653575031,0.601406595091257
ID590,0.9831064037163612,0.983534002862063,0.9821106517645491,0.9836941449254555,0.9821684348293723
ID591,0.9363985253265915,0.9369626521262805,0.9370142503106921,0.936496465906333,0.9365895391474561
ID592,0.9665111688133127,0.9667047831752332,0.9667453792278926,0.9665525483087415,0.966635238104912
ID593,0.9444226425889773,0.9542873215066324,0.9470170275112079,0.9695249923097355,0.959956232466884
ID594,0.928572828595708,0.9278814350389423,0.9324155799377966,0.8799141173960706,0.9298149594978137
ID595,0.46735589338717826,0.4713997077433669,0.5048622740919224,0.5656779536130955,0.5044157571313331
ID596,0.7797512811430969,0.8120465834008654,0.8138018359277193,0.8354357006054965,0.8242041102737586
ID597,0.7717704954459182,0.7502135377823599,0.7409238823806218,0.7527730905540713,0.7775854397145837
ID598,0.4305805382245806,0.43201691273491033,0.467309463067866,0.4543070157837659,0.4313657508556805
ID599,0.9973060124268152,0.9975060660991836,0.9972510274147188,0.9975796199136218,0.9975206802201381
ID6,0.9999831139622546,0.9999830128345333,0.9999834551565935,0.9999839752718902,0.9999846680614088
ID60,0.9999981655780416,0.9999984961310661,0.9999984816496381,0.9999983783369872,0.999998493216998
ID600,0.9974428382935109,0.996310552707095,0.9962211667843909,0.9981370983230554,0.9980804287268433
ID601,0.9999057213892132,0.9999040897928401,0.9999068065307141,0.9999113247534527,0.9999113157938605
ID602,0.9850100431759047,0.9871423901236845,0.9869897021849375,0.9879610139379831,0.9850767928161482
ID603,0.9999572925546474,0.9999584666371683,0.9999598157935622,0.9999575480554124,0.999958938576213
ID604,0.9890767308370708,0.9897230454232298,0.9892868204475612,0.9893497161117181,0.9889908040768
ID605,0.952333502180867,0.9511357796096321,0.951491120037902,0.9502142660560082,0.9476913418923244
ID606,0.9526778372933119,0.9552116541461192,0.9544515685401477,0.9532368616242005,0.9578740069525119
ID607,0.8918917785348798,0.9053142333605811,0.8981865361860878,0.8996159938691367,0.8987947983723821
ID608,0.39849583083621476,0.42228358944356126,0.3975561635205845,0.43945456320722415,0.43880291907419355
ID609,0.999464316205474,0.9994454119209455,0.9994816677747406,0.999494119121982,0.9994703260119041
ID61,0.9573318914127734,0.9555509283866787,0.9560268528048703,0.9533246448886449,0.953609267489682
ID610,0.9624544207630245,0.961616449947508,0.9628922173614686,0.9604462056169473,0.9608881199952064
ID611,0.8494543552733774,0.8479389258264618,0.8432328677718527,0.8535573429313675,0.8718126946955613
ID612,0.3581920106186023,0.33176229400635876,0.36032387043011954,0.36699933293689285,0.3545115803507171
ID613,0.9991819933008607,0.9991642179851955,0.9992175206004025,0.9992034294928122,0.9992833247607603
ID614,0.9921796996930187,0.9917636530138365,0.9918337507345764,0.9919301231727872,0.9916050351703457
ID615,0.9988056108588871,0.9988043827858667,0.9988066154487635,0.9987960697449426,0.9987952707191018
ID616,0.9726051261874274,0.9706934417813438,0.9741758056114742,0.9705054166771884,0.9719852407164112
ID62,0.9680118050584516,0.9648179256592285,0.9677911585439553,0.967414998978259,0.9686252482359875
ID63,0.9960277001985592,0.9955717744958296,0.9954007654709301,0.9959410251144614,0.9958964269291113
ID64,0.9986814367388178,0.9986150797457882,0.9987060934334092,0.998737147024796,0.9987906543458761
ID65,0.9954293224581224,0.9952144360859457,0.9953784115409966,0.9954630851754999,0.9954248966373519
ID66,0.9989825451151896,0.9990933233593696,0.9991200493635403,0.9989652788622038,0.9990159145365559
ID67,0.9608593476039834,0.9610831472450285,0.9614109768208717,0.959593990099845,0.9616769316287438
ID68,0.9986117031162673,0.998501848777637,0.9984684002370936,0.9985679039477623,0.9984867348990544
ID69,0.9989778039132267,0.9988802264390938,0.9989789656029321,0.9992368198351858,0.9991424303884688
ID7,0.9848560491367016,0.9849709912029166,0.9856910466991796,0.9853754662684183,0.9849220635991865
ID70,0.9996740809440522,0.9996860348001664,0.9996910334042246,0.9996864059906145,0.9996922705015002
ID71,0.9444331398423594,0.9266994716351872,0.9147791340005851,0.9502510665312801,0.942606190575875
ID72,0.9990257124561949,0.999261850915893,0.9992287811382613,0.9993307308000715,0.9993183549056769
ID73,0.998783596068356,0.9990712062684225,0.999106313892253,0.9990780470412671,0.999086808873017
ID74,0.5729612088830923,0.5474204319501759,0.5397131370179443,0.5567381640091662,0.5469672321698661
ID75,0.7619785198797381,0.7653140879402787,0.7736495862028169,0.7833274368214065,0.7740906734933283
ID76,0.8355273048422179,0.8194704070649795,0.8200285897396582,0.829495766372251,0.8273332806608579
ID77,0.176211156703308,0.14628104734192948,0.17388187817230139,0.10140382407541743,0.04751852771916764
ID78,0.9435952051559932,0.9479366471633793,0.9497997386367504,0.951174871146669,0.9544173865247537
ID79,0.9323066973134423,0.9395746215944675,0.9440047585360826,0.9468439471041763,0.9421350128912608
ID8,0.8369845765518535,0.8462125246839917,0.8315768068304034,0.835459833462575,0.8558766779268362
ID80,0.8475712343056805,0.8395147131594854,0.8472677066487755,0.8674598939266862,0.8579084860240633
ID81,0.9964537331243583,0.9959761882735035,0.9962037789159813,0.996818173841707,0.9966561762173255
ID82,0.8794059431859323,0.890717864889702,0.8935298839757305,0.8906935713710037,0.8949525750090852
ID83,0.2237711025646869,0.24207130384231454,0.23343018386412803,0.2141065910787964,0.22702125216835314
ID84,0.9535904476400692,0.951312672737576,0.9533974767178263,0.9572321194050807,0.9557953257478102
ID85,0.7227902467873625,0.7318258084509205,0.724300893284653,0.7254739958905175,0.7213015919227014
ID86,0.9992841192681844,0.9991578354778202,0.9991741627437808,0.9994987107594001,0.9994633454178317
ID87,0.5294966896301788,0.5498149568577272,0.5630630982035915,0.5716875290869842,0.5610040505093772
ID88,0.47479110439591027,0.398726944265936,0.4201185668440293,0.5213762188170962,0.5137130526962909
ID89,0.17193684005572138,0.21736254432788568,0.20342501982098116,0.16911356407782416,0.2235547818204906
ID9,0.2187421349286018,0.15740388908524464,0.15637884881548805,0.17323935991111503,0.15217791192035712
ID90,0.9460425673210722,0.92622036547951,0.9226034855103591,0.9376684751329819,0.93464869062763
ID91,0.18001358327888495,0.17470685298749702,0.16117075866002847,0.1641307111259175,0.1678541303898671
ID92,0.9409453275586852,0.9461782774802238,0.9475643541757667,0.9419769238991745,0.9475493445022637
ID93,0.49730241209134746,0.48308676883559154,0.4695003209861295,0.45195763736953176,0.4439237854397393
ID94,0.8155073807809331,0.8318687018224692,0.8381814728389857,0.8200823012271394,0.8486596875693825
ID95,0.5722808464192464,0.6109003176015494,0.6139306056911279,0.5788412036761775,0.6304181240372251
ID96,0.5710675031805628,0.3592653038566591,0.4686621077700193,0.5319330289424901,0.46242503021792986
ID97,0.9358060661027913,0.8966218687234216,0.8947914336268313,0.8931001923452193,0.9127015653452796
ID98,0.8263004281863343,0.8046381642066004,0.8251433077264924,0.7993237464260754,0.8116521016241566
ID99,0.8827059926011908,0.8435329562600365,0.8167533569323705,0.8398882020692812,0.8605808007763774
