unique_id,SeasonalNaive,AutoMLP,AutoNHITS,AutoLSTM,AutoGRU,AutoDeepAR
m1,0.04754648296887043,0.02844643199779785,0.04328608430072336,0.059906666743680136,0.045442557480285965,0.07251604164413354
m10,0.6046735074968571,0.5669141699891403,0.5869846402847353,0.6116253661761095,0.5783831997791694,0.6190927297420818
m100,0.9009612413360507,0.8810741378493129,0.9068401430656229,0.90711817622886,0.9041579509413947,0.8761997160930252
m101,0.7660046103299627,0.7355060790488142,0.7636020005290877,0.7535915761162765,0.7450285972202844,0.7462367445290462
m102,0.800955551907323,0.7762948395864643,0.8009732691508823,0.8041695196212357,0.7877678687566488,0.7275240073794208
m103,0.9554410310738187,0.9484902166996542,0.9560947342747131,0.959180806799576,0.953725708306882,0.9487521064008412
m104,0.6933462916056922,0.6380218712286,0.6678092441541836,0.6893825326398609,0.6826877456067034,0.6380349337365089
m105,0.9767297923688726,0.9728793856255807,0.9765399504110525,0.9782564959849167,0.9763387766932232,0.9730206866773387
m106,0.8600999480629284,0.8409167428034987,0.8528788625772687,0.8534470345636312,0.858575950053709,0.841330907889883
m107,0.7363801870111409,0.713453340361653,0.7249286662950226,0.7361220409682859,0.7254544036049039,0.7119488023633195
m108,0.18599993242244153,0.20674474507511886,0.19274147304405279,0.18573341245063182,0.18117602214255205,0.18490438536241469
m109,0.9548744473060822,0.9527006460775366,0.9560283911878878,0.9584598046355826,0.9565984502529764,0.9501478388193713
m11,0.5837164770867987,0.5538700616596222,0.5951645570113326,0.5969348579975279,0.5742617467136105,0.5509547586548234
m110,0.9705464241334192,0.9694528651134048,0.9711611563992074,0.9696027755101624,0.9700084782402021,0.9709360483673887
m111,0.8514629186876678,0.8360199719764528,0.8519186252682259,0.8572922822793713,0.8537569588998178,0.8433356817681492
m112,0.8608995734847323,0.8481897642113195,0.854026181286322,0.8516705824646397,0.8506056656552786,0.8519947788133857
m113,0.7085725096930249,0.7187589564710698,0.7039822976469812,0.7006102787910059,0.7124421415582964,0.7386348300529187
m114,0.4149118503646652,0.3718176723809213,0.3651270309809879,0.3702477727986359,0.3673442741698169,0.36551449968082195
m115,0.9235305199165379,0.9156465743611597,0.9203045547108458,0.9225564528124401,0.9192733492741755,0.9194182377904615
m116,0.9395175992446201,0.9297375774379639,0.9430022660967999,0.9369826575317516,0.938648568512745,0.9305894594890352
m117,0.8748811409280045,0.8530775065244894,0.8781742564330695,0.878700849927533,0.8751100924746128,0.8485275290544895
m118,0.7395240593795527,0.7246953902889698,0.7293322323002549,0.7405796153733336,0.7312692587872945,0.739620624228996
m119,0.8374063804050653,0.832676315222756,0.8353888741626702,0.8471025386066863,0.8394703610852412,0.8328859341222173
m12,0.623669976700652,0.6722038981625237,0.6264004646919583,0.6213122262561794,0.6469889714087677,0.6459922695210712
m120,0.8551950186766667,0.860233582587527,0.8539723706117476,0.8508159376979214,0.8578080606077996,0.8680916148610548
m121,0.690845818210663,0.6798559846683311,0.7021969561335265,0.7141069369166907,0.6996044511464358,0.6739898878813805
m122,0.570188670128804,0.5468074139008828,0.5671238359153709,0.615769943247613,0.5826149938976876,0.5427081664537267
m123,0.6630478865668357,0.6026119602795169,0.6704431476473723,0.6898395257811112,0.6668367330313272,0.596093452410653
m124,0.727436989683827,0.7142806410689196,0.7239419683026672,0.7394118674252309,0.7210100677506878,0.6992264060041645
m125,0.9060521269403626,0.8952872091896449,0.9079311121247606,0.9109944432059837,0.8999571798289553,0.8921796734007282
m126,0.8431763240251464,0.8324807297902455,0.8424588782907557,0.8362122021476531,0.8302817640576304,0.8291146082208228
m127,0.9450505954864821,0.9428567574306993,0.9466415346359961,0.9476620139759925,0.944978633814761,0.9437072664862893
m128,0.41493835197512435,0.4289725508253066,0.4152093676094885,0.3959093010335583,0.43532584965098015,0.43529079536340226
m129,0.8957874713135096,0.889127144516939,0.8951347136377579,0.9055282678933864,0.8942690366419767,0.8928210296623064
m13,0.7139378813588265,0.7229904366043193,0.7244760452271519,0.7188307326732856,0.727589097516946,0.7146608020835253
m130,0.7852571999184569,0.7771017772919069,0.7881350977822031,0.7977138215870694,0.7864730284390107,0.7746000881926841
m131,0.8395944707363814,0.8280213742551111,0.8438137294747686,0.835588654679956,0.8247259801736605,0.7915261022914327
m132,0.6375500316437827,0.5925601968112728,0.6391591863865705,0.6617073215058196,0.6343557827882711,0.5846020738583021
m133,0.7441453530285321,0.7182818008919374,0.7554220232319991,0.7357220761934508,0.7284285337390197,0.7153969620651238
m134,0.8578793052546879,0.8399388243150688,0.8598344138730525,0.8382966345281472,0.8332889601737477,0.8295458815405446
m135,0.47848319215587326,0.41854153644091063,0.4408222339293993,0.5344754541552403,0.4735258444364478,0.4464914060881677
m136,0.40142715763588327,0.40867191133102043,0.4012531633900642,0.3846688742715425,0.40494142737340516,0.4199090314757657
m137,0.5087452695923091,0.5327616117033113,0.4837556278453825,0.49857462895809146,0.5504525219999131,0.6133135809298581
m138,0.27458297710122576,0.2727648023228766,0.301949580972343,0.31458682585343856,0.28010745004296705,0.24891525185141358
m139,0.8706665432382162,0.8716955441313008,0.8839579132561101,0.8906584420198418,0.8826866791742695,0.8336591769823815
m14,0.9752746502398718,0.9761781043664272,0.9715178111187205,0.9756343691277869,0.9754154217847127,0.9751560582428845
m140,0.32452733966227937,0.2992209194735737,0.31800945582189866,0.3302375087916018,0.2968472956385709,0.2640142625746435
m141,0.7919419140626887,0.7655625125810984,0.8112063650463401,0.80065220260503,0.7790471227268351,0.7678714798842518
m142,0.3069010220350334,0.23781702201518043,0.31829039630539685,0.277629826017183,0.24824224206632675,0.26660913851485246
m143,0.7849127705836249,0.763859633012283,0.7930768404022032,0.7780445987576025,0.7858864930413331,0.7435876801870199
m144,0.23269128520600768,0.23213713909535846,0.20511976492309014,0.1990690205908238,0.21256101154257576,0.24115828642758882
m145,0.8844325557016964,0.8638333622946162,0.892527899267635,0.8894133667103034,0.8777218971388314,0.8660408512937052
m146,0.8931995658871491,0.8830421799517575,0.8761227073748894,0.8746991586098757,0.870958964785903,0.897516754969906
m147,0.8507264253921166,0.8521515113885064,0.8369342940388574,0.856708769746389,0.8502458750272837,0.8511088045565754
m148,0.26702754708724347,0.2475261848320703,0.2580085955950597,0.2848838002607162,0.25551515830157007,0.2382281646320619
m149,0.4108058033441375,0.4434621359548845,0.40171039333376113,0.3924926397658434,0.4260751682811272,0.4691116726524309
m15,0.4615326472281715,0.4769552701854021,0.4726971039273024,0.4638985595789493,0.4749439014243457,0.4504830488967284
m150,0.7123483700652685,0.73378437121518,0.7138892937758202,0.7199673955187231,0.7273543648243864,0.7257343224400521
m151,0.7835960321995317,0.8201003962911044,0.7861168900239152,0.8055268271759418,0.8032083789545438,0.7722243792291391
m152,0.7801510140611047,0.7889598148838641,0.7777333704715602,0.7614642556432422,0.7797130675950424,0.8043423079518172
m153,0.22086769109555285,0.24278104877378517,0.19341074792082405,0.1852445103770274,0.2022373563371939,0.2620842555860991
m154,0.9758008346877939,0.9767192905310295,0.9758195287543302,0.9745066550629233,0.9763553735675187,0.9775340168697807
m155,0.8089592581311945,0.8193460038983414,0.8065297333607989,0.8188019880005174,0.8191115999752953,0.8294380670879041
m156,0.6447140967554102,0.6489893303156914,0.6355535351457323,0.626704500630518,0.6450310429911278,0.6259416134666146
m157,0.30727000653571496,0.3236049329633233,0.2964893867244008,0.29895791053288306,0.305921849686937,0.3470296976194809
m158,0.4815259704188908,0.4651747422412022,0.4813248428590664,0.4916084732803201,0.4728436847102359,0.4749975961340142
m159,0.1648392911789449,0.16594122256857516,0.14748033363712457,0.13957008765227416,0.14889051906009834,0.15205098917641138
m16,0.2125232558023752,0.20990316714643478,0.22474122668979202,0.21972465298857466,0.2097122590295717,0.2156681860540198
m160,0.6519727415465938,0.5986090016845168,0.6608544463715423,0.676145651772841,0.6219471607737765,0.5914154256715508
m161,0.7274933236688264,0.7340722064406734,0.7224077976877002,0.7250539770300969,0.7303987541318729,0.7283734783797072
m162,0.2195376277893383,0.20450064402267398,0.20781205408716538,0.19640269682085768,0.1712486906449755,0.17977836908600872
m163,0.9791126824378461,0.9780686060095315,0.9821142872608303,0.9829515427921197,0.9809264529957519,0.9770919820360277
m164,0.7810420538385303,0.7658422692437048,0.7938057061165832,0.7850898123267104,0.788071312583802,0.7456179091992365
m165,0.5226278450981395,0.4830825308621301,0.5292132522584799,0.5429301690634176,0.5141774748809999,0.5126029648112869
m166,0.712684400665545,0.7302294433076145,0.7013160408352035,0.6993086225772914,0.7174186547705963,0.7402181188347922
m167,0.7841276697107514,0.779910297878513,0.7900791074797082,0.7918252042398407,0.783022977267208,0.7512153275618766
m168,0.29616270251812343,0.22281223510683112,0.32928865341804925,0.3159334467556822,0.2503768927311857,0.3089144678866075
m169,0.732135544594689,0.7461280864533374,0.7362578898953557,0.7133839954742269,0.7443832991377123,0.7685181632000065
m17,0.9020366835670669,0.9061132384975856,0.9044871719859074,0.9011409269496578,0.9071722797445094,0.9040123522021933
m170,0.30836487934243856,0.2637308596822815,0.2676560403556638,0.3083891516133633,0.2523897653534316,0.23873800374873366
m171,0.47675951785237247,0.4505230663901781,0.4663053509195485,0.5059944005717568,0.46564228557295734,0.39980615624523513
m172,0.716281037024524,0.7266526854834,0.7190209563570198,0.6987946433468287,0.7146865259389702,0.7236222998916922
m173,0.32725980629156465,0.2911363251372214,0.3475730641348094,0.3428276599580153,0.3165425704719877,0.28144879772908293
m174,0.6825348395964564,0.692720605100798,0.6838830709859961,0.6630752850977212,0.6796466235691111,0.7061677495283902
m175,0.23745452961696323,0.18476152685928668,0.203728906974173,0.2519451890140194,0.2162311828522774,0.21796667752318688
m176,0.1015758962755381,0.09906794527820457,0.09346964314929103,0.07937194359031918,0.08608244160725305,0.10315409330444042
m177,0.1945398686900952,0.23571035807312654,0.1964580688471832,0.188696988610911,0.20974038618728377,0.24969711793428326
m178,0.21314751325771067,0.25553997423991465,0.22607657999446,0.21406021211551896,0.2391775969383185,0.2733506077857684
m179,0.42544107467810316,0.42561150533709907,0.4461558505659313,0.4541268791040069,0.41691024518080094,0.3780756424829821
m18,0.8900882363299943,0.8865817968044,0.8948447637769691,0.8882560896600592,0.8890412575016174,0.8883674616448723
m180,0.9469026301542249,0.9486394314689349,0.9472466567976975,0.9456322846278726,0.9481508556143133,0.9509373688262196
m181,0.8171052129195865,0.802673255636531,0.8048507466403966,0.8140619416449498,0.8065961997974389,0.8087601709769737
m182,0.2749411540779622,0.2490292202409415,0.2831103961061533,0.2821854089615285,0.2658290325201749,0.2315099746196966
m183,0.764755585541662,0.732844857658197,0.7750654030698471,0.7503291050733263,0.7374573353278121,0.7720371821224119
m184,0.9481703463152696,0.9404043741845863,0.9453140404372932,0.9503953466527212,0.9464438944483465,0.9337739208315967
m185,0.6197846027179591,0.5737463635532659,0.6109294241423749,0.6384942723537489,0.6064398100553979,0.5652133845259821
m186,0.47634921283242887,0.4992988459773873,0.4650703209810067,0.4798895169360442,0.4891248880318953,0.49304836359486875
m187,0.8664731940576768,0.8769892081616689,0.8649708337126372,0.8731449764173775,0.8800984238173486,0.8798997654350887
m188,0.7180231689512496,0.729078010102907,0.7011353474064633,0.7195192447233247,0.7264592686710586,0.7584541638572441
m189,0.4335242225875688,0.4453421762460519,0.4084354303879063,0.40943737254456075,0.4414383680789415,0.42938891780227073
m19,0.8995996842312043,0.9031069513680631,0.8989800528063023,0.8951121754085466,0.9018344675688454,0.9063665857805959
m190,0.2000393717668941,0.23431250855098093,0.20530843720416084,0.20925974402013114,0.23211528564618475,0.25905253901949193
m191,0.9719251093711855,0.9733607655983341,0.9709642701175292,0.9734134586572961,0.9731384233890455,0.9748631961619888
m192,0.5320074245372532,0.5449179306752382,0.5355474152668834,0.5297386931687916,0.5347600490016337,0.565444960995581
m193,0.45364119382102747,0.468338510840356,0.4226054752737454,0.43072549026493173,0.44874909290652304,0.5032172857673266
m194,0.47860122212444106,0.4717568475924088,0.4953694354797635,0.5038860113185971,0.4848417970859371,0.467951803099492
m195,0.5133703550821628,0.48538691602361045,0.5047261025980703,0.5460404769237527,0.5404701965933957,0.46790316676734317
m196,0.5349420456795331,0.5232594759314817,0.5461493807740018,0.547027470034891,0.5431074799404411,0.5097030093345445
m197,0.3868146757736817,0.426687607446909,0.3923929866821807,0.39705794592942306,0.41996172603020704,0.46390898182499085
m198,0.8677484558977625,0.861392473629199,0.8716044396373581,0.8758781468092014,0.8718567205623136,0.8551501988581339
m199,0.47711694646635955,0.4248419846918843,0.4519499420069999,0.4917776106593393,0.4626070978290482,0.47809098451185533
m2,0.9791160169853063,0.9796071641423859,0.9794035225332499,0.9788183092809266,0.9797989065531243,0.979772518081806
m20,0.13542610792933255,0.13999538252729607,0.12196600096551151,0.11233132906639522,0.117382287247723,0.12393037138845299
m200,0.7348185608908154,0.7108486861353333,0.7163983412687674,0.734401701863022,0.7314603403896324,0.6859380938284657
m201,0.2354080871935965,0.23523386249676057,0.24753193568052553,0.23478828120975737,0.20821914498396019,0.2046062355764279
m202,0.3634517411824774,0.3146550354827264,0.36231944028696095,0.36814834410939173,0.3332280804804096,0.34127265827828346
m203,0.6203725032006907,0.5794812212660873,0.6247937150609005,0.6047134194185191,0.6088048111120719,0.5393493958755783
m204,0.7729248133422124,0.7350907234096115,0.7946362202077847,0.747852738101488,0.7527087840574387,0.7777898139725902
m205,0.1481927152466668,0.1908612562952635,0.15435242711823532,0.17464184041713535,0.1774107554479457,0.18320750694714064
m206,0.9958729782913797,0.9953513417622363,0.9956574882380358,0.996059213040421,0.9957976811083187,0.9943302781698923
m207,0.44268357253048674,0.39611739036941307,0.43434706208779367,0.45155671079834225,0.4396403196278205,0.3614204979783701
m208,0.39390183216767594,0.4158332271158682,0.41284269423616377,0.41284247081277964,0.39559910739968424,0.42442818347121675
m209,0.24525029021039205,0.22475201222144228,0.24260985909534918,0.2532359986328599,0.20446567306592697,0.20672112405909418
m21,0.6439773476861096,0.656750009452383,0.6474149217133869,0.6383486959590169,0.6589244674644067,0.6737900827083364
m210,0.20201798976417976,0.19592034970616046,0.19820117482298216,0.19062742465867732,0.19218580361543927,0.2023503923387554
m211,0.5313529931946362,0.5659390812176317,0.546764126837574,0.5262557846815994,0.5246937666184043,0.5629578129697639
m212,0.8556556248792795,0.8616202397228184,0.8518544727056065,0.8511614821579881,0.8573738800011963,0.8665026121121273
m213,0.5442652394958897,0.5599562368458959,0.5474962220075233,0.5349031539829573,0.5446846000108544,0.5049167796523372
m214,0.34030727006980704,0.3024412563245898,0.31761807424959637,0.3329754076089519,0.3039110786470076,0.2744472280818369
m215,0.9782949554049286,0.9756799363630703,0.9767179295445714,0.9785185304760273,0.9774776730798438,0.9741410536171785
m216,0.4657237206139062,0.44529485659514845,0.45490387293667217,0.4630767954257477,0.4326895238264319,0.4260700298535211
m217,0.2963739924854721,0.2855668125807368,0.2927169555571066,0.2929333113051374,0.2813328273556883,0.31290961890009467
m218,0.4287155931539941,0.42021920965977005,0.4367433466220945,0.4491703773045462,0.4271048794039711,0.431350943174841
m219,0.4747473236941147,0.45258301354852265,0.46388348143462993,0.46988418069270993,0.4541055260389701,0.4207563058759422
m22,0.8049492101981331,0.8122348168198713,0.8069304484584253,0.7903876835936474,0.8117667422706139,0.8182046938453283
m220,0.9466578003566369,0.9470307873722318,0.9508015102620387,0.9532229880367696,0.9491426677988829,0.944705822196004
m221,0.9433618855977016,0.935409767238296,0.9401031172842925,0.9504057269883317,0.9361115021077927,0.9377983673313395
m222,0.3168379832643929,0.33923350665423585,0.36005230494358087,0.3745066733544204,0.3745723865940073,0.3739069499748618
m223,0.30437932935857737,0.2568012640786082,0.2737467130647961,0.29091150938696064,0.2581776802216292,0.2699813636140739
m224,0.4206913139330449,0.3726019609547095,0.39334107711530225,0.3886039725026418,0.3863761109972181,0.40286427249318607
m225,0.7283311477495243,0.662140364034118,0.6913476681451668,0.7120662996597297,0.6779140702526467,0.7051145790737575
m226,0.24506637403009848,0.1616825575741795,0.18348280472646025,0.20811552050670645,0.1778250871909369,0.15856551139770877
m227,0.3332821775265145,0.36080350543117196,0.3683989969893348,0.35255785999365274,0.3529654824957677,0.40826457633688634
m228,0.7753186176512528,0.7555861048511314,0.7635844100628577,0.7975905376305366,0.7770042532889879,0.7456175579326096
m229,0.691717315149515,0.6585738827485901,0.671402919760042,0.7211465284202837,0.6844858345421324,0.704910802535135
m23,0.8832297831508078,0.8879534415272538,0.8796861169762341,0.8693819046485171,0.8836674671034901,0.8847520653611037
m230,0.8846368287380506,0.8754520327945056,0.8882461343093729,0.8846501560181205,0.8793239756119374,0.8800720126807597
m231,0.23540896700135613,0.2208836230734276,0.20517227999536192,0.22032741872303904,0.20164294134472452,0.16220680454706024
m232,0.22440595717744924,0.17224121500974024,0.28355457801771883,0.5075200703844744,0.48089474314443,0.20056048827137185
m233,0.8905176771487283,0.8824943136429845,0.8981005499441878,0.8954254503161093,0.8898103271398229,0.8815384420962536
m234,0.871141246040407,0.856396756692838,0.8843027945866716,0.8733792230878753,0.8695943616547819,0.8571986207458807
m235,0.8336038383514759,0.8132990803812455,0.8272145017004789,0.8452571483125912,0.8346266792747344,0.8329875118122686
m236,0.7222237306282446,0.750210614699772,0.7089087309918193,0.6738344914893167,0.6823893861863303,0.7344648951294257
m237,0.7693267708349016,0.7561317227045624,0.7464452520822666,0.73356271231295,0.7493862600282811,0.7506772992375481
m238,0.7302732966268596,0.7176514716679808,0.7157347845140999,0.7362077305973304,0.7215479742187522,0.7110440312876731
m239,0.7355642355841603,0.71131891280616,0.7390926973369063,0.7372193625694194,0.728348764099603,0.7171606676705607
m24,0.21688886922131526,0.18352476658025815,0.16989586790775538,0.17471672938030933,0.1713395646471367,0.16485773878458834
m240,0.12378020318679188,0.12472349518304048,0.11984610236533554,0.13203537063540488,0.11585082717223107,0.11296901433464795
m241,0.7441072267584263,0.7590187468991308,0.7697815492842605,0.7686125123384785,0.7654301109714484,0.7551412583941616
m242,0.47223388657754994,0.5237334416087241,0.4921004012893364,0.51818060945396,0.5222513726080428,0.6180338389206961
m243,0.9852346008882455,0.9854077795712085,0.9861394711437743,0.9871842272201071,0.9863130606250761,0.9824690712540515
m244,0.8919621301289707,0.8830959839426846,0.889017645250957,0.8949471759486237,0.8884484753900241,0.8854170597017467
m245,0.5792937336615265,0.5498922919769202,0.5830068228999389,0.6231871990254532,0.595256853373107,0.5076642289020915
m246,0.21543455706521353,0.22794500501702475,0.22740509529649597,0.21750066715428043,0.21764532182987692,0.26835120061757944
m247,0.2746368114850594,0.21771800207081796,0.25811511751535027,0.26487304964212693,0.22651115908615416,0.12724701209661995
m248,0.931278467191324,0.9313199956099666,0.9354363217691071,0.9412616197273679,0.9361238271981785,0.9325855272959953
m249,0.6402343051303722,0.609618732789765,0.639119537217167,0.6620117953169147,0.626710500545758,0.6467200447560143
m25,0.8252357286507938,0.8245010759810832,0.8268486719527967,0.8368768581132499,0.8404885843948593,0.8284642265779748
m250,0.942978086742306,0.9330480343617182,0.9493645222543924,0.9503319061379024,0.9463080416113948,0.923839585046398
m251,0.3630776388435523,0.3601176677315184,0.34751633252562053,0.3239986954028631,0.33735419745965584,0.4223753235466679
m252,0.3505616361606736,0.2846040777596274,0.2569569314102576,0.2875973073777533,0.24226300817852073,0.30874680112271247
m253,0.9861336636332166,0.9846751251911586,0.9869516137067672,0.9875789205357249,0.9852515368388208,0.9851407434552341
m254,0.8863292066816824,0.8748642175174554,0.8886726916403008,0.9036392239771471,0.8956357781103302,0.8426789646133477
m255,0.9848982118426747,0.9825049365640636,0.983643555883767,0.9865841571293221,0.9858789256938775,0.9817931886892598
m256,0.2521707066826859,0.24742889824758085,0.25454774525797,0.22374415313418097,0.24466676902146714,0.32059965321497014
m257,0.9018017019290595,0.8933176549429337,0.8801548434237388,0.8802749832361338,0.8979621735337,0.8716627235926439
m258,0.8549974067964783,0.8403176220137847,0.8627540410750152,0.8685596263352285,0.8596802247641695,0.8285337726088838
m259,0.861886701294929,0.8526019984194716,0.851706265581123,0.8556712668262282,0.8597685534739711,0.828144558449674
m26,0.5087199201696201,0.5184370579054031,0.5113521830899547,0.488324955315872,0.5300121388014548,0.5360216616994098
m260,0.9960378471793073,0.995508912769523,0.9968703494143422,0.9962264666383255,0.9963677606512804,0.9948433972349296
m261,0.14951785884033875,0.11830145579997768,0.09969234080339984,0.1166414771569358,0.13470622535748863,0.11201777881899126
m262,0.8408488085873528,0.8207554501548988,0.8470991311447515,0.8280152214312765,0.8246746939011804,0.8339728808007617
m263,0.4452033096172325,0.3445102453050191,0.44174808655892545,0.3842791821504503,0.3800830109199606,0.395206819959705
m264,0.9207474052889205,0.9294473022191864,0.905001138740592,0.9201605476275388,0.9208825468650131,0.932351205020337
m265,0.3320141848023602,0.256737514007081,0.3107049266596624,0.3479289145053148,0.28563239819910785,0.18241773211425252
m266,0.7949377721041984,0.7887781591372535,0.8217539654846894,0.8115389679072007,0.7972768159465295,0.7904445679579748
m267,0.9937976866749637,0.9930319583727328,0.9937719949062854,0.994794571519524,0.9942893312524501,0.9936060500232969
m268,0.974633630387807,0.9720619779775207,0.9742404675705473,0.9749261930192415,0.9729160975399821,0.9687676423884265
m269,0.8524613132875919,0.8438713569942152,0.8551601057760901,0.8537793815290141,0.8479622450099087,0.8381168297493292
m27,0.5020839235770785,0.5064599884889439,0.48030610230290627,0.5188105088047966,0.5107295570296378,0.5308389923328104
m270,0.8925104702556833,0.8841005214676819,0.890017856780324,0.8942258602384531,0.8888540607567296,0.8654419214674197
m271,0.6543517602172148,0.642502494596422,0.6671902599840513,0.6765057022441122,0.6524466764935413,0.6091515652010822
m272,0.49460882103236375,0.4715573234326709,0.5095599684564935,0.505287281730483,0.48578363263511287,0.476136037558466
m273,0.12392465103630863,0.114301704930814,0.10857974155739386,0.1337728999577602,0.11429257246378738,0.10456468269741293
m274,0.6330479899168845,0.6525660002785808,0.6347089968995181,0.6270365739404079,0.6463758183422618,0.6774628449810197
m275,0.21204531416028857,0.2029120928712349,0.19745269697004866,0.21402814755778013,0.21369304996038838,0.24016228088519076
m276,0.5250589889080651,0.54181932127715,0.5339251916603422,0.5211289705187261,0.5365094470023426,0.5720305397808007
m277,0.5868895921127735,0.6068857443513832,0.5686256959775472,0.6024452341132942,0.6004956738781142,0.6098632004911143
m278,0.9107694132036649,0.9175510129482028,0.9134684153943305,0.9069924382891651,0.9128752576152218,0.9164156947942329
m279,0.9852416947468888,0.9853724250537165,0.9853654428952626,0.9852276214392104,0.9856159444945013,0.9855596165910713
m28,0.7202552417998049,0.7408378436719757,0.7134176177425666,0.7033845975900164,0.7228625381379471,0.7383119621856218
m280,0.8412475753322283,0.8455610520622305,0.8329887258645615,0.834935853282308,0.8477106966126665,0.8706809037921716
m281,0.940757352031884,0.9458013475856771,0.931918056856159,0.9355231290858659,0.945201248272574,0.9556617682370886
m282,0.2975584459955323,0.3021223076625372,0.2604637166868104,0.25834870219927436,0.2767656124688555,0.3005658235966846
m283,0.25785108510409077,0.2560357384329937,0.27720246509452956,0.29450658999434903,0.26589189028479654,0.20452663012864422
m284,0.9733805519781527,0.9742052211854411,0.971762928522015,0.971700676785045,0.9748398312431785,0.9772577515805795
m285,0.47453096317517923,0.5203964744701172,0.506641041643522,0.47238771981111743,0.4493182047078584,0.5606076575492543
m286,0.946726454738382,0.9404257793721995,0.9577487996697354,0.9557541023236142,0.9503190856253362,0.9347380873368797
m287,0.925098885157586,0.9172660147847497,0.9201236052340048,0.9251166236912174,0.9262268490815834,0.9216846240697789
m288,0.7790762030017985,0.7659821456337145,0.806168429040447,0.7941760779132684,0.7833421341866607,0.7653456190896675
m289,0.29263924492993265,0.31009342395821177,0.31086861693707496,0.3288329533506189,0.25937844969753027,0.20723601719773518
m29,0.2568415914382123,0.22436351960014175,0.2483197313203589,0.25991451255040143,0.2179979725892224,0.2289953331288717
m290,0.768120768704433,0.7497707140874739,0.794430175305214,0.7806992647882245,0.7759617508642158,0.7063885455677611
m291,0.3953717919788518,0.33530912933852686,0.4333122244104371,0.38438186890417597,0.3649292787712912,0.2845144128525648
m292,0.5342135395928866,0.5434010139537232,0.47172672537240073,0.5181609792936334,0.5339854552835572,0.5970352191730669
m293,0.8610533451206366,0.8613023658047587,0.851606576394135,0.8564702421828837,0.8668938631592119,0.8825174343060654
m294,0.22099780278114864,0.2001046235922049,0.24871793116253962,0.22520699762077734,0.16243670494390636,0.1250398705819322
m295,0.1295218961928247,0.12978458394447687,0.133656558726219,0.11678888906021763,0.11755523148444814,0.11493763311276696
m296,0.5172198390784761,0.5220661139133886,0.5027343856470111,0.4910553434232651,0.515612533839393,0.5222612861745328
m297,0.9929914677123278,0.9932367046517717,0.992667410111566,0.9926868258053037,0.9934148881293415,0.9941140522369601
m298,0.6812919278310973,0.6961570802609512,0.680444543074787,0.6673050672094338,0.6984361583424041,0.7259871276285107
m299,0.5532009453390582,0.5367067601462535,0.5961482726883846,0.601033634047715,0.5701229866111258,0.48658019175120143
m3,0.9789971781233368,0.9799223776278199,0.9780147245940185,0.9783465722863688,0.979784205784861,0.97864676417716
m30,0.9705523702880493,0.9723460850832755,0.9705426684155186,0.9704822332312086,0.9719760785119954,0.9714338436378555
m300,0.13376075415357744,0.1451998079929113,0.1356786889958033,0.13894626438028893,0.12075039438020814,0.16046379336070163
m301,0.6103913063568821,0.5284628494188998,0.5862693157694338,0.6189693823071901,0.570400929007737,0.5602260244208307
m302,0.23261275454320476,0.21315567128998045,0.22454518762279138,0.2380275337614256,0.20516636651036876,0.1483094291334184
m303,0.36884757521128325,0.375405244068711,0.4264256373053997,0.3794955162868767,0.2820912441972206,0.22986135723390289
m304,0.2721877889315308,0.31337033912471973,0.2969931987296868,0.23411734156336472,0.2850862477093629,0.4366485771797392
m305,0.30827770593620224,0.30500571008375793,0.3300381363352211,0.304621990032111,0.2764913688808505,0.36916764897669707
m306,0.8593207109664059,0.8482054766625913,0.8567858751792019,0.8605756336235634,0.8598936296900689,0.8319851406035675
m307,0.9248975626507807,0.9256331832634168,0.9318282389169782,0.9364838894957059,0.9291747135246445,0.9038141091312402
m308,0.8110683974948582,0.7693108179570681,0.8255788616881997,0.8390574455065677,0.809582489817339,0.7853832078200519
m309,0.3192031317604485,0.30930687424230846,0.3288651082203278,0.33226819169741323,0.30100200720974596,0.21613412751214034
m31,0.7798812554765951,0.7902579797108776,0.7795498028674425,0.7705503724682027,0.7901289826244439,0.7836857921480305
m310,0.6311153684355112,0.5995816138530431,0.6438535594650432,0.6328405520984987,0.633956201574536,0.5862945340834159
m311,0.919909718626739,0.91605300628814,0.9370820171709116,0.9297244586182519,0.9235194754430811,0.9070576221662822
m312,0.8060271497045218,0.8084572710147665,0.8199616790373728,0.8475971715006884,0.8252383446259932,0.8125229887930218
m313,0.6560780385903386,0.6458224025713655,0.6859165494279004,0.6882475828060749,0.6724620640855661,0.6364071649131762
m314,0.17465181999214893,0.18997730879546612,0.16125370590969745,0.15633084843364695,0.16778057644675706,0.18132778145284334
m315,0.9527131773856435,0.942996246461696,0.952742987858318,0.9539231818590855,0.9519797495636709,0.9454344314453557
m316,0.6282194818511655,0.6038533684792284,0.6658000572610588,0.6392398502296553,0.6077871880151448,0.5523446062711311
m317,0.5917421166493271,0.5880377267877542,0.5279109027589656,0.5866442447428366,0.5421435617489153,0.41381949958717174
m318,0.22754915776843623,0.16519390283997212,0.17003178908544045,0.24280065830320166,0.21459988342494593,0.0918177590545909
m319,0.6272024823237463,0.639224191858334,0.6191874338318578,0.6078959076390028,0.6231403038604367,0.6552063806442233
m32,0.9145645021409424,0.918481500169356,0.9120334316095681,0.9063011647124881,0.9159226208479666,0.922858526857158
m320,0.758735589920651,0.7746773916127951,0.7565891187510357,0.7549833892570659,0.7737559958147558,0.8111455675092855
m321,0.6328618014932993,0.6478441725768171,0.5790090000428398,0.600361338787473,0.6446138565383619,0.7180751560641246
m322,0.7158613649605136,0.7277372081950807,0.7242854957199407,0.7080766785809659,0.7193349480121262,0.7448592117958522
m323,0.6961456905865616,0.72456691984487,0.7161008056917991,0.6899922296073232,0.711771425845281,0.7300825520130433
m324,0.7337120131854059,0.7449373238895173,0.7289613578619374,0.7282068582749273,0.7455179230814822,0.7717219113716841
m325,0.8967096672023409,0.8971853424247268,0.8979663695933392,0.8910109112138588,0.9028211395337848,0.9193998812850187
m326,0.9481302817086744,0.9510637844100064,0.938756501774547,0.9419543289492308,0.9509092363810128,0.9612909381476493
m327,0.8551974733575639,0.8596861373499753,0.8534164473875151,0.8511121408086049,0.8554799061569799,0.8645234041384463
m328,0.7514564533281306,0.7621596765330106,0.7508865750964997,0.7392219705477073,0.7561027189941543,0.7637972124009781
m329,0.8970488275339225,0.8983530561839627,0.8940829274447034,0.8890259819381034,0.9019918389798119,0.9145532617783666
m33,0.9570210811697176,0.9578328625849166,0.9575235973768242,0.9514653296121801,0.9537534079537773,0.9559359516071207
m330,0.4337056847530527,0.44749517573864955,0.44466286638719676,0.44084047103019436,0.4468944834464177,0.5048508501321841
m331,0.24511561317009692,0.281469805920001,0.22492280139897328,0.2475871537061156,0.2414510507740434,0.32807124230229723
m332,0.6727049297739783,0.6140522385154561,0.6686697590978863,0.6567351427093074,0.6351725605776121,0.6331719732349301
m333,0.6668122358622716,0.6221915847233767,0.6770245498122979,0.695503751664762,0.6615767486067174,0.5948891618901779
m334,0.8353006725484149,0.8477191899682404,0.8349932704445754,0.8311973087922745,0.8405453700647949,0.8545826627761309
m335,0.7489870269794986,0.7595477908993051,0.7305406209806214,0.7368542268656313,0.7506727744506,0.7699786013746968
m336,0.30478696175502995,0.3256655734762516,0.30466080987556315,0.3065632531358859,0.3240679266166991,0.35173888391620256
m337,0.3815996763981846,0.3926882074271911,0.3483860007235444,0.37154894258826254,0.3844123120943803,0.36092320107804293
m338,0.5957255512306097,0.6327074087539639,0.5930988272353147,0.595757999166627,0.6020142740903269,0.5999628703531866
m339,0.9787944887116294,0.9798441267333265,0.9784774666159325,0.9785481119950011,0.9792902244938335,0.9807087589000624
m34,0.9767445359580064,0.977804587098663,0.9768636588003665,0.9751987735043924,0.9768902048614135,0.9782738856169724
m340,0.19470367126647833,0.20383563110273697,0.17447713615398094,0.18067297880770414,0.17732585565934836,0.19677955654775348
m341,0.35533603994050883,0.3326555721739967,0.3404790558941437,0.3571381195430441,0.3430086800829002,0.325715982376508
m342,0.638602612583674,0.6028154938238314,0.6192544808656434,0.6426652077462328,0.6087686446411015,0.6176923118340902
m343,0.16699710172923088,0.22618662103091447,0.2324397784879417,0.2867041285527358,0.2524177547545016,0.30766763460812524
m344,0.5060207716363182,0.5318136663527667,0.5309958040083563,0.5349771552058842,0.5378938913098144,0.5682146151609487
m345,0.328621364774019,0.30921211761598527,0.33623471264373045,0.3303967702455965,0.3141114670770238,0.2898167723814355
m346,0.6427424826282359,0.624343084459206,0.6430264581177656,0.650326302246943,0.6325884409582573,0.6062328043531208
m347,0.6888233905998525,0.6698039407036246,0.688731615361139,0.6812757821976629,0.671349743300825,0.6910718329868866
m348,0.07892862613159017,0.04816192069484754,0.055795102897292635,0.03427201113872072,0.05077345891436738,0.07307224273990647
m349,0.4682450494123937,0.4891528277250498,0.47723774851807194,0.46976471760124383,0.4856566099621036,0.5149223819193921
m35,0.2265876520369526,0.19909920279418616,0.20480328066672446,0.23911310486702428,0.21541358624501192,0.1958253451047619
m350,0.7855881729433261,0.7945764592902794,0.7871614213993636,0.7792615499257991,0.788964702738541,0.7999161367171806
m351,0.7189664840743113,0.7310618413072922,0.6978274827484059,0.7178661332139601,0.721357743342479,0.7509615439903721
m352,0.9104527743336818,0.9122093169415281,0.9070404843274747,0.9073772785294659,0.9123097270739603,0.9097154976365577
m353,0.8894133099325844,0.8941305949780204,0.8914805774227567,0.8908199438573109,0.8939382962948695,0.8926342074814846
m354,0.791362256872291,0.798921255406701,0.7866294386882831,0.7870804028323262,0.7935137253584396,0.8005944974802573
m355,0.9205068216249509,0.9444664485807567,0.9517412411522718,0.9133703886615109,0.9575641928367776,0.949656964019927
m356,0.9657252647337199,0.9732448348206492,0.9419559725178948,0.9629019918769463,0.9766063325125239,0.9618092832011005
m357,0.9916802149547171,0.9936264419092874,0.9872498796914609,0.9922433765647293,0.99540163837309,0.9956641548200138
m358,0.8952127104444965,0.9198756469912901,0.9142371532893923,0.9184536774000676,0.922915542898043,0.9475286815757095
m359,0.8167055208243773,0.8539204251008249,0.8152929717784955,0.82590522324228,0.8661421101382477,0.8893928611316319
m36,0.9946137696600522,0.9947043331893334,0.9945695751528092,0.9943881205639965,0.9946835254166705,0.9946100177285474
m360,0.7521980378150371,0.841136251401847,0.8888604668113835,0.8425533528739538,0.89553906585149,0.8973908832686329
m361,0.7725426803042207,0.838275075714026,0.8236200342204786,0.8020099636294482,0.8660613829054441,0.9048948554392239
m362,0.6984267452405182,0.6997233169732696,0.7146697891491068,0.6077928856800257,0.46130563994491314,0.5458722967146408
m363,0.6396538398767165,0.5467010751990563,0.5832390214096203,0.5637997077042881,0.4137864042563393,0.4340380773503898
m364,0.6775822753857389,0.6984228779772629,0.7067066316526983,0.7037410205470005,0.7062612135744636,0.7306826487411224
m365,0.8448055256778688,0.861005210637512,0.8502157440026042,0.8476878451300842,0.8714466149345901,0.8689468502986641
m366,0.6923232665473941,0.6511663695599637,0.6655392753005298,0.6800218729312087,0.6647164907151554,0.6823683511214557
m37,0.8507990471626204,0.8521747717288183,0.8441462113711702,0.839567581186819,0.8487239731846533,0.8556490662039719
m38,0.9686588185915479,0.9680132375960682,0.9691404536517317,0.9702268464901295,0.9695612880896194,0.9683505000555872
m39,0.9045507512352278,0.9132042119336606,0.9112585812977368,0.9052276381350751,0.9108423558850816,0.9185513061067913
m4,0.9629187117033154,0.966216740320636,0.9627050423128507,0.9621695873954947,0.9649313446662785,0.964297930964261
m40,0.3697380360108115,0.4060221520697569,0.3835584139196153,0.38595697081229696,0.39784412073489217,0.4495663645685637
m41,0.6694744445358419,0.6758395600126135,0.6774140214264822,0.6315653423752315,0.6542494684415417,0.6800902289830363
m42,0.6730125232632328,0.6921819188285298,0.707559751905647,0.6794223916228376,0.6958147547843635,0.7221063373782783
m43,0.5163956090473494,0.5039615461248922,0.49806060380389156,0.529762425141328,0.5302992107461341,0.49252367813627435
m44,0.5013040508894174,0.5347238664357481,0.5316897712353281,0.5109887072525798,0.5511594195354114,0.541127270740799
m45,0.9636460260592675,0.9640334285819018,0.9609255892588099,0.9623316172662366,0.9653678153893618,0.9658453105198137
m46,0.9735273324057853,0.9766012282320119,0.9722142313755427,0.9654416140297685,0.9711331519250771,0.9778563207121374
m47,0.520530543973709,0.5451668768781636,0.5279382563318453,0.5168005617423853,0.5608759163736187,0.5810351828227401
m48,0.7117162560090309,0.733725154841216,0.7190007123819658,0.719458255186046,0.7294091958156353,0.7251038059262896
m49,0.6869741675240757,0.7006142270963149,0.685605196114308,0.6758433543481276,0.7030321000005207,0.7070425737051679
m5,0.9820903246739731,0.9846860553838487,0.9820307289262834,0.9838343753789706,0.9836018662812923,0.9825864566734873
m50,0.9670419663613372,0.9686674587695929,0.9642792844217797,0.9635551629324524,0.9671697036433099,0.9703542275707097
m51,0.32074146030338274,0.32947543777999105,0.3278733407017049,0.2974412028873596,0.3065110867486489,0.35867214549169146
m52,0.9346798422421205,0.9367331374878214,0.9321333380048443,0.924278679294331,0.9336227674999402,0.9367254990515859
m53,0.9389439220396626,0.9418919728416087,0.9400918537532111,0.9339748495616739,0.9397160657442352,0.945967817476801
m54,0.9988504274774691,0.9988624239626945,0.9988228028342657,0.9987946823045287,0.9988511644625397,0.9988524164870084
m55,0.9711773286266338,0.9728900072175906,0.9719174951154347,0.9693398810918422,0.9719837939743128,0.9745897816520178
m56,0.34966731542345625,0.3666081269272796,0.347091347033071,0.3328423291233623,0.33157627036648113,0.3640566088691237
m57,0.390170468863064,0.37653723660345984,0.3927563135529388,0.3973604835499283,0.379286671880829,0.36515485281188637
m58,0.27801231250307284,0.2947008630165241,0.28750651401868993,0.28099767862913794,0.2832755846838599,0.29119255012301803
m59,0.4435191789710631,0.4609931657136526,0.4595406587853354,0.40852719722683545,0.44327453903390707,0.47559913657022923
m6,0.9238953567120362,0.9299529864654063,0.9240006146114758,0.9231909104701228,0.9285051459000444,0.9276100210138994
m60,0.8048132943135161,0.7966673007807438,0.8059962046574158,0.8158558347342625,0.8034521021598443,0.7758723739530987
m61,0.9124068810933511,0.9073273208616509,0.9101144040990925,0.9069427716220058,0.9054557861131812,0.9067522603523722
m62,0.8154974002483307,0.8055356573151166,0.8246941931535682,0.8346799330081957,0.8153561504077164,0.8026055205589254
m63,0.16062272434072564,0.13960668146599953,0.15752992962634255,0.1616848771627043,0.14768254014701276,0.13184205313036154
m64,0.16290711659467377,0.1629242047984282,0.17004297967732965,0.1654798476478086,0.14346435956203762,0.14121263873125417
m65,0.8089329358723143,0.7941088478771086,0.8198178803159637,0.811452023529442,0.7939925167957039,0.8001749037610343
m66,0.8998451927676802,0.9064897933302,0.8989717894796826,0.8960082527228526,0.9025052863621159,0.9127802054599067
m67,0.4521390982239923,0.4658395442361784,0.44996904638729934,0.4349331415507894,0.45256002774632414,0.4907888165298493
m68,0.9879015490872587,0.9888046560155136,0.9878577097786976,0.9876055465893635,0.9880311892724528,0.9896029821571299
m69,0.8449275033191661,0.8533126392268104,0.8519742505236594,0.8469050869409234,0.8466714644003402,0.8506529491269346
m7,0.8122593352764912,0.8284778131964229,0.8240972854168861,0.8202193409275038,0.827729776917537,0.8325759750655267
m70,0.4638382777816588,0.4822588062807717,0.4755859423607765,0.45257541307005994,0.4629320836740392,0.5277291598374183
m71,0.2925026427425671,0.31640587381878266,0.32025455772061956,0.2866161124678716,0.3102724916528719,0.35318268205749986
m72,0.9885911508914663,0.9889405298245068,0.9886897072551744,0.987951030600108,0.9887436466855452,0.9899140139829918
m73,0.786524700889181,0.7958488782715443,0.7842064958854148,0.7900856980560746,0.7999299309879949,0.7965513884822207
m74,0.38891506838779355,0.3538074421952461,0.4066585779705186,0.4109985312168822,0.37526053522245056,0.4091027278393175
m75,0.14530890746143008,0.1552769422813509,0.14262635543136318,0.13722802806135118,0.15095403018272713,0.1501114273027043
m76,0.34385936573134007,0.38759354274486507,0.3301211776737257,0.39230807877332824,0.3799580599932206,0.3466276321509774
m77,0.4135462853555527,0.427245626111054,0.4070981642074772,0.4031182194237682,0.4354329060513808,0.43243189101539786
m78,0.32462006683790073,0.30822666910349916,0.30163117898008607,0.3279459871246581,0.30209345356556355,0.2989977314063473
m79,0.8593276980495569,0.8529837959597625,0.8468211269455991,0.8533875851823044,0.8485513469775237,0.8662694878833088
m8,0.9098804438770173,0.9147169389813139,0.9129901808914349,0.9116163316227244,0.9159650671886691,0.9075383612993303
m80,0.6865324704173358,0.6753086876620458,0.7189951923402879,0.71306482250883,0.6878042340917084,0.6572845087338347
m81,0.12875203814076588,0.10766531481333563,0.1039402065537262,0.11287494741076771,0.11276555131091565,0.09213370740868615
m82,0.20520614893670222,0.25982435722860203,0.16896150203549506,0.19796834038168853,0.2393145041291127,0.28394254095514126
m83,0.6904377756627261,0.6592390703497778,0.706529074604271,0.6637440612670061,0.6710511671979456,0.6735130169360097
m84,0.8415630310914533,0.8323325827189582,0.8387393679836693,0.847679711263889,0.8368135225131587,0.8451305451915395
m85,0.9593453013703402,0.9557007815230049,0.9612426333927787,0.9610148810206348,0.9580873214140699,0.9531322205688634
m86,0.67832230794588,0.6644713969705105,0.7001394518027636,0.7001796431831381,0.6793497756466768,0.6875115701310666
m87,0.8499308215725482,0.8398646012666946,0.8573518786351619,0.859843594712324,0.84891578639141,0.8609388213864159
m88,0.9541173680951239,0.9512860452906341,0.9559326363308106,0.9574637961589724,0.9540036633201208,0.9510253958835878
m89,0.8016298353282801,0.7862964623044788,0.8070227638036137,0.7847443109631961,0.7937770064801444,0.8100638248485942
m9,0.36087491299536784,0.3605160479425042,0.3822314689010969,0.37035562215441625,0.3667025408550151,0.36508850515109265
m90,0.567445518451328,0.5647532998126051,0.5701237950726062,0.5626407728505837,0.5610658400298144,0.5602629940380209
m91,0.26540920812363494,0.2611022676717892,0.25664182043234546,0.2543330954566024,0.26034103017988014,0.24964887635263255
m92,0.7496404262820295,0.7249404260015474,0.7283162530512562,0.7664308716378813,0.7400367783823301,0.7247795380843622
m93,0.6865903570031747,0.7080624111563784,0.6847363140064292,0.7179321991431712,0.7218891129248624,0.7401388732908832
m94,0.7330893659280977,0.7016957439326279,0.7257038449440305,0.6868996644866484,0.6949998794276837,0.6719502485779119
m95,0.6965347623380563,0.7118149921853602,0.702620473401626,0.7013650917896217,0.7130729426168306,0.7386716700591814
m96,0.7187563009076413,0.7207225035792203,0.7143992171856991,0.7321513185955552,0.7295047628305219,0.7279217844373426
m97,0.7383823619995646,0.694297348949418,0.7045198106036598,0.7349583619065326,0.7071588014220662,0.661129798285369
m98,0.799619953707904,0.7796200530834537,0.7960990501821062,0.7900843104915874,0.7838580447959536,0.7605044842799561
m99,0.2832678975866323,0.26815740429955576,0.304361454394068,0.27322961940649015,0.2794892849604308,0.25677006025450405
